/*
 Navicat Premium Data Transfer

 Source Server         : local
 Source Server Type    : MySQL
 Source Server Version : 80030 (8.0.30)
 Source Host           : 127.0.0.1:3306
 Source Schema         : aulia

 Target Server Type    : MySQL
 Target Server Version : 80030 (8.0.30)
 File Encoding         : 65001

 Date: 13/06/2025 10:47:41
*/

SET NAMES utf8mb4;
SET FOREIGN_KEY_CHECKS = 0;

-- ----------------------------
-- Table structure for barang
-- ----------------------------
DROP TABLE IF EXISTS `barang`;
CREATE TABLE `barang`  (
  `id_barang` int NOT NULL AUTO_INCREMENT,
  `kode_barang` varchar(20) CHARACTER SET utf8mb4 COLLATE utf8mb4_general_ci NOT NULL,
  `nama_barang` varchar(100) CHARACTER SET utf8mb4 COLLATE utf8mb4_general_ci NOT NULL,
  `jenis_barang` varchar(25) CHARACTER SET utf8mb4 COLLATE utf8mb4_general_ci NULL DEFAULT NULL,
  `satuan` varchar(50) CHARACTER SET utf8mb4 COLLATE utf8mb4_general_ci NOT NULL,
  `harga_beli` decimal(15, 2) NULL DEFAULT NULL,
  `harga_jual` decimal(15, 2) NULL DEFAULT NULL,
  `created_at` timestamp NULL DEFAULT CURRENT_TIMESTAMP,
  `updated_at` timestamp NULL DEFAULT CURRENT_TIMESTAMP ON UPDATE CURRENT_TIMESTAMP,
  PRIMARY KEY (`id_barang`) USING BTREE,
  UNIQUE INDEX `kode_barang`(`kode_barang` ASC) USING BTREE
) ENGINE = InnoDB AUTO_INCREMENT = 55 CHARACTER SET = utf8mb4 COLLATE = utf8mb4_general_ci ROW_FORMAT = Dynamic;

-- ----------------------------
-- Records of barang
-- ----------------------------
INSERT INTO `barang` VALUES (5, 'BRG001', 'Indomie Goreng', 'Makanan', 'Bungkus', 2800.00, 3500.00, '2025-06-13 09:36:24', '2025-06-13 09:36:24');
INSERT INTO `barang` VALUES (6, 'BRG002', 'Teh Botol Sosro 350ml', 'Minuman', 'Botol', 3500.00, 4500.00, '2025-06-13 09:36:24', '2025-06-13 09:36:24');
INSERT INTO `barang` VALUES (7, 'BRG003', 'Pulpen Standard AE7', 'Alat Tulis', 'Pcs', 1500.00, 2000.00, '2025-06-13 09:36:24', '2025-06-13 09:36:24');
INSERT INTO `barang` VALUES (8, 'BRG004', 'Buku Tulis Sidu 38 Lbr', 'Alat Tulis', 'Buku', 3500.00, 5000.00, '2025-06-13 09:36:24', '2025-06-13 09:36:24');
INSERT INTO `barang` VALUES (9, 'BRG005', 'Minyak Goreng Bimoli 1L', 'Sembako', 'Pouch', 14500.00, 16500.00, '2025-06-13 09:36:24', '2025-06-13 09:36:24');
INSERT INTO `barang` VALUES (10, 'BRG006', 'Beras Ramos 5Kg', 'Sembako', 'Karung', 62000.00, 68000.00, '2025-06-13 09:36:24', '2025-06-13 09:36:24');
INSERT INTO `barang` VALUES (11, 'BRG007', 'Sabun Lifebuoy 75gr', 'Kebutuhan Rumah', 'Pcs', 2500.00, 3500.00, '2025-06-13 09:36:24', '2025-06-13 09:36:24');
INSERT INTO `barang` VALUES (12, 'BRG008', 'Shampoo Pantene 170ml', 'Kebutuhan Pribadi', 'Botol', 15000.00, 18000.00, '2025-06-13 09:36:24', '2025-06-13 09:36:24');
INSERT INTO `barang` VALUES (13, 'BRG009', 'Sikat Gigi Pepsodent', 'Pembersih', 'Pcs', 4000.00, 5500.00, '2025-06-13 09:36:24', '2025-06-13 09:36:24');
INSERT INTO `barang` VALUES (14, 'BRG010', 'Odol Pepsodent 190gr', 'Pembersih', 'Tube', 9000.00, 11000.00, '2025-06-13 09:36:24', '2025-06-13 09:36:24');
INSERT INTO `barang` VALUES (15, 'BRG011', 'Kopi Kapal Api 65gr', 'Minuman', 'Bungkus', 3500.00, 5000.00, '2025-06-13 09:36:24', '2025-06-13 09:36:24');
INSERT INTO `barang` VALUES (16, 'BRG012', 'Gula Pasir 1Kg', 'Sembako', 'Kg', 14500.00, 16500.00, '2025-06-13 09:36:24', '2025-06-13 09:36:24');
INSERT INTO `barang` VALUES (17, 'BRG013', 'Garam Refina 500gr', 'Sembako', 'Bungkus', 3500.00, 4500.00, '2025-06-13 09:36:24', '2025-06-13 09:36:24');
INSERT INTO `barang` VALUES (18, 'BRG014', 'Susu UHT Indomilk 1L', 'Minuman', 'Botol', 12500.00, 14500.00, '2025-06-13 09:36:24', '2025-06-13 09:36:24');
INSERT INTO `barang` VALUES (19, 'BRG015', 'Mie Sedaap Kari Ayam', 'Makanan', 'Bungkus', 2700.00, 3300.00, '2025-06-13 09:36:24', '2025-06-13 09:36:24');
INSERT INTO `barang` VALUES (20, 'BRG016', 'Air Mineral Aqua 600ml', 'Minuman', 'Botol', 2800.00, 3500.00, '2025-06-13 09:36:24', '2025-06-13 09:36:24');
INSERT INTO `barang` VALUES (21, 'BRG017', 'Tissue Paseo 250 Sheet', 'Kebutuhan Rumah', 'Pak', 7500.00, 9500.00, '2025-06-13 09:36:24', '2025-06-13 09:36:24');
INSERT INTO `barang` VALUES (22, 'BRG018', 'Bel Listrik Krisbow', 'Elektronik', 'Pcs', 22000.00, 28000.00, '2025-06-13 09:36:24', '2025-06-13 09:36:24');
INSERT INTO `barang` VALUES (23, 'BRG019', 'Lampu LED Philips 10W', 'Elektronik', 'Pcs', 20000.00, 24000.00, '2025-06-13 09:36:24', '2025-06-13 09:36:24');
INSERT INTO `barang` VALUES (24, 'BRG020', 'Baterai ABC AA 2pcs', 'Elektronik', 'Pak', 4000.00, 5500.00, '2025-06-13 09:36:24', '2025-06-13 09:36:24');
INSERT INTO `barang` VALUES (25, 'BRG021', 'Masker Medis 3 Ply 50pcs', 'Kesehatan', 'Box', 17000.00, 22000.00, '2025-06-13 09:36:24', '2025-06-13 09:36:24');
INSERT INTO `barang` VALUES (26, 'BRG022', 'Hand Sanitizer 100ml', 'Kesehatan', 'Botol', 8000.00, 10500.00, '2025-06-13 09:36:24', '2025-06-13 09:36:24');
INSERT INTO `barang` VALUES (27, 'BRG023', 'Cat Tembok Avitex 5Kg', 'Bangunan', 'Kaleng', 85000.00, 98000.00, '2025-06-13 09:36:24', '2025-06-13 09:36:24');
INSERT INTO `barang` VALUES (28, 'BRG024', 'Obeng Plus Krisbow', 'Pertukangan', 'Pcs', 13000.00, 16000.00, '2025-06-13 09:36:24', '2025-06-13 09:36:24');
INSERT INTO `barang` VALUES (29, 'BRG025', 'Spidol Snowman Permanent', 'Alat Tulis', 'Pcs', 4500.00, 6000.00, '2025-06-13 09:36:24', '2025-06-13 09:36:24');
INSERT INTO `barang` VALUES (30, 'BRG026', 'Susu Dancow 400gr', 'Minuman', 'Bungkus', 42000.00, 49000.00, '2025-06-13 09:36:24', '2025-06-13 09:36:24');
INSERT INTO `barang` VALUES (31, 'BRG027', 'Telur Ayam Negeri 1Kg', 'Sembako', 'Kg', 23000.00, 27000.00, '2025-06-13 09:36:24', '2025-06-13 09:36:24');
INSERT INTO `barang` VALUES (32, 'BRG028', 'Keju Kraft Cheddar 165gr', 'Makanan', 'Bungkus', 15500.00, 18000.00, '2025-06-13 09:36:24', '2025-06-13 09:36:24');
INSERT INTO `barang` VALUES (33, 'BRG029', 'Sarden ABC 425gr', 'Makanan', 'Kaleng', 13000.00, 16000.00, '2025-06-13 09:36:24', '2025-06-13 09:36:24');
INSERT INTO `barang` VALUES (34, 'BRG030', 'Saos ABC 340ml', 'Makanan', 'Botol', 9500.00, 12000.00, '2025-06-13 09:36:24', '2025-06-13 09:36:24');
INSERT INTO `barang` VALUES (35, 'BRG031', 'Kecap Bango 275ml', 'Makanan', 'Botol', 12000.00, 14500.00, '2025-06-13 09:36:24', '2025-06-13 09:36:24');
INSERT INTO `barang` VALUES (36, 'BRG032', 'Sabun Cuci Sunlight 780ml', 'Kebutuhan Rumah', 'Pouch', 14000.00, 16500.00, '2025-06-13 09:36:24', '2025-06-13 09:36:24');
INSERT INTO `barang` VALUES (37, 'BRG033', 'Rokok Sampoerna Mild 16', 'Pembantu Toko', 'Bungkus', 27000.00, 33000.00, '2025-06-13 09:36:24', '2025-06-13 09:36:24');
INSERT INTO `barang` VALUES (38, 'BRG034', 'Rokok Gudang Garam Filter', 'Pembantu Toko', 'Bungkus', 27000.00, 33000.00, '2025-06-13 09:36:24', '2025-06-13 09:36:24');
INSERT INTO `barang` VALUES (39, 'BRG035', 'Minyak Telon My Baby 60ml', 'Kesehatan', 'Botol', 10000.00, 13000.00, '2025-06-13 09:36:24', '2025-06-13 09:36:24');
INSERT INTO `barang` VALUES (40, 'BRG036', 'Plastik Kresek Ukuran Sedang', 'Kemasan', 'Pak', 3000.00, 5000.00, '2025-06-13 09:36:24', '2025-06-13 09:36:24');
INSERT INTO `barang` VALUES (41, 'BRG037', 'Botol Minum Tupperware 750ml', 'Perabot', 'Pcs', 25000.00, 30000.00, '2025-06-13 09:36:24', '2025-06-13 09:36:24');
INSERT INTO `barang` VALUES (42, 'BRG038', 'Kompor Gas Rinnai 1 Tungku', 'Dapur', 'Pcs', 160000.00, 190000.00, '2025-06-13 09:36:24', '2025-06-13 09:36:24');
INSERT INTO `barang` VALUES (43, 'BRG039', 'Panci Supra 24cm', 'Dapur', 'Pcs', 95000.00, 120000.00, '2025-06-13 09:36:24', '2025-06-13 09:36:24');
INSERT INTO `barang` VALUES (44, 'BRG040', 'Sapu Lidi 1m', 'Kebutuhan Rumah', 'Pcs', 12000.00, 15000.00, '2025-06-13 09:36:24', '2025-06-13 09:36:24');
INSERT INTO `barang` VALUES (45, 'BRG041', 'Pel Lantai Putar Elite', 'Dapur', 'Pcs', 50000.00, 65000.00, '2025-06-13 09:36:24', '2025-06-13 09:36:24');
INSERT INTO `barang` VALUES (46, 'BRG042', 'Detergen Rinso 900gr', 'Kebutuhan Rumah', 'Bungkus', 14500.00, 17000.00, '2025-06-13 09:36:24', '2025-06-13 09:36:24');
INSERT INTO `barang` VALUES (47, 'BRG043', 'Pewangi Downy 720ml', 'Kebutuhan Rumah', 'Pouch', 17500.00, 20000.00, '2025-06-13 09:36:24', '2025-06-13 09:36:24');
INSERT INTO `barang` VALUES (48, 'BRG044', 'Cairan Pembersih Wipol 800ml', 'Kebutuhan Rumah', 'Pouch', 12500.00, 15000.00, '2025-06-13 09:36:24', '2025-06-13 09:36:24');
INSERT INTO `barang` VALUES (49, 'BRG045', 'Korek Api Gas Tokai', 'Kebutuhan Rumah', 'Pcs', 1500.00, 2000.00, '2025-06-13 09:36:24', '2025-06-13 09:36:24');
INSERT INTO `barang` VALUES (50, 'BRG046', 'Kerupuk Udang 250gr', 'Makanan', 'Bungkus', 8000.00, 10000.00, '2025-06-13 09:36:24', '2025-06-13 09:36:24');
INSERT INTO `barang` VALUES (51, 'BRG047', 'Biskuit Roma Kelapa', 'Makanan', 'Bungkus', 7500.00, 9500.00, '2025-06-13 09:36:24', '2025-06-13 09:36:24');
INSERT INTO `barang` VALUES (52, 'BRG048', 'Permen Kopiko', 'Snack', 'Pak', 3000.00, 4500.00, '2025-06-13 09:36:24', '2025-06-13 09:36:24');
INSERT INTO `barang` VALUES (53, 'BRG049', 'Wafer Tango Vanila', 'Makanan', 'Bungkus', 5000.00, 6500.00, '2025-06-13 09:36:24', '2025-06-13 09:36:24');
INSERT INTO `barang` VALUES (54, 'BRG050', 'Chitato Sapi Panggang', 'Makanan', 'Bungkus', 7500.00, 9500.00, '2025-06-13 09:36:24', '2025-06-13 09:36:24');

-- ----------------------------
-- Table structure for pengguna
-- ----------------------------
DROP TABLE IF EXISTS `pengguna`;
CREATE TABLE `pengguna`  (
  `id_pengguna` int NOT NULL AUTO_INCREMENT,
  `nama` varchar(255) CHARACTER SET utf8mb4 COLLATE utf8mb4_general_ci NULL DEFAULT NULL,
  `username` varchar(255) CHARACTER SET utf8mb4 COLLATE utf8mb4_general_ci NULL DEFAULT NULL,
  `password` varchar(255) CHARACTER SET utf8mb4 COLLATE utf8mb4_general_ci NULL DEFAULT NULL,
  `level` varchar(255) CHARACTER SET utf8mb4 COLLATE utf8mb4_general_ci NULL DEFAULT NULL,
  PRIMARY KEY (`id_pengguna`) USING BTREE
) ENGINE = InnoDB AUTO_INCREMENT = 5 CHARACTER SET = utf8mb4 COLLATE = utf8mb4_general_ci ROW_FORMAT = Dynamic;

-- ----------------------------
-- Records of pengguna
-- ----------------------------
INSERT INTO `pengguna` VALUES (1, 'Admin', 'admin', '0192023a7bbd73250516f069df18b500', 'admin');
INSERT INTO `pengguna` VALUES (4, 'Karyawan A', 'user', '6ad14ba9986e3615423dfca256d04e3f', 'user');

-- ----------------------------
-- Table structure for stok_keluar
-- ----------------------------
DROP TABLE IF EXISTS `stok_keluar`;
CREATE TABLE `stok_keluar`  (
  `id_keluar` int NOT NULL AUTO_INCREMENT,
  `id_barang` int NOT NULL,
  `jumlah` int NOT NULL,
  `tanggal` date NOT NULL,
  `tujuan` varchar(100) CHARACTER SET utf8mb4 COLLATE utf8mb4_general_ci NULL DEFAULT NULL,
  `keterangan` text CHARACTER SET utf8mb4 COLLATE utf8mb4_general_ci NULL,
  `id_pengguna` int NULL DEFAULT NULL,
  PRIMARY KEY (`id_keluar`) USING BTREE,
  INDEX `id_barang`(`id_barang` ASC) USING BTREE,
  INDEX `id_pengguna`(`id_pengguna` ASC) USING BTREE,
  CONSTRAINT `stok_keluar_ibfk_1` FOREIGN KEY (`id_barang`) REFERENCES `barang` (`id_barang`) ON DELETE RESTRICT ON UPDATE RESTRICT,
  CONSTRAINT `stok_keluar_ibfk_2` FOREIGN KEY (`id_pengguna`) REFERENCES `pengguna` (`id_pengguna`) ON DELETE RESTRICT ON UPDATE RESTRICT
) ENGINE = InnoDB AUTO_INCREMENT = 1006 CHARACTER SET = utf8mb4 COLLATE = utf8mb4_general_ci ROW_FORMAT = Dynamic;

-- ----------------------------
-- Records of stok_keluar
-- ----------------------------
INSERT INTO `stok_keluar` VALUES (6, 36, 10, '2025-05-14', 'Kasir', NULL, 1);
INSERT INTO `stok_keluar` VALUES (7, 48, 9, '2025-06-09', 'Kasir', NULL, 1);
INSERT INTO `stok_keluar` VALUES (8, 29, 9, '2025-05-21', 'Kasir', NULL, 1);
INSERT INTO `stok_keluar` VALUES (9, 20, 4, '2025-05-25', 'Kasir', NULL, 4);
INSERT INTO `stok_keluar` VALUES (10, 9, 11, '2025-05-14', 'Kasir', NULL, 1);
INSERT INTO `stok_keluar` VALUES (11, 11, 6, '2025-05-06', 'Kasir', NULL, 1);
INSERT INTO `stok_keluar` VALUES (12, 47, 6, '2025-05-15', 'Kasir', NULL, 1);
INSERT INTO `stok_keluar` VALUES (13, 24, 2, '2025-05-12', 'Kasir', NULL, 4);
INSERT INTO `stok_keluar` VALUES (14, 31, 5, '2025-06-14', 'Kasir', NULL, 1);
INSERT INTO `stok_keluar` VALUES (15, 11, 9, '2025-05-27', 'Kasir', NULL, 4);
INSERT INTO `stok_keluar` VALUES (16, 6, 8, '2025-06-13', 'Kasir', NULL, 1);
INSERT INTO `stok_keluar` VALUES (17, 14, 0, '2025-05-13', 'Kasir', NULL, 1);
INSERT INTO `stok_keluar` VALUES (18, 50, 10, '2025-06-11', 'Kasir', NULL, 4);
INSERT INTO `stok_keluar` VALUES (19, 49, 15, '2025-05-18', 'Kasir', NULL, 1);
INSERT INTO `stok_keluar` VALUES (20, 26, 6, '2025-05-26', 'Kasir', NULL, 1);
INSERT INTO `stok_keluar` VALUES (21, 27, 10, '2025-05-25', 'Kasir', NULL, 4);
INSERT INTO `stok_keluar` VALUES (22, 50, 9, '2025-06-05', 'Kasir', NULL, 4);
INSERT INTO `stok_keluar` VALUES (23, 20, 13, '2025-06-13', 'Kasir', NULL, 1);
INSERT INTO `stok_keluar` VALUES (24, 18, 14, '2025-05-21', 'Kasir', NULL, 1);
INSERT INTO `stok_keluar` VALUES (25, 36, 10, '2025-06-01', 'Kasir', NULL, 1);
INSERT INTO `stok_keluar` VALUES (26, 45, 14, '2025-05-29', 'Kasir', NULL, 1);
INSERT INTO `stok_keluar` VALUES (27, 7, 15, '2025-05-23', 'Kasir', NULL, 4);
INSERT INTO `stok_keluar` VALUES (28, 21, 3, '2025-06-06', 'Kasir', NULL, 1);
INSERT INTO `stok_keluar` VALUES (29, 9, 3, '2025-05-19', 'Kasir', NULL, 1);
INSERT INTO `stok_keluar` VALUES (30, 31, 10, '2025-06-12', 'Kasir', NULL, 4);
INSERT INTO `stok_keluar` VALUES (31, 18, 13, '2025-05-11', 'Kasir', NULL, 4);
INSERT INTO `stok_keluar` VALUES (32, 8, 7, '2025-06-14', 'Kasir', NULL, 1);
INSERT INTO `stok_keluar` VALUES (33, 37, 9, '2025-05-24', 'Kasir', NULL, 1);
INSERT INTO `stok_keluar` VALUES (34, 34, 13, '2025-05-11', 'Kasir', NULL, 1);
INSERT INTO `stok_keluar` VALUES (35, 38, 11, '2025-05-03', 'Kasir', NULL, 1);
INSERT INTO `stok_keluar` VALUES (36, 14, 12, '2025-05-07', 'Kasir', NULL, 1);
INSERT INTO `stok_keluar` VALUES (37, 47, 6, '2025-06-02', 'Kasir', NULL, 4);
INSERT INTO `stok_keluar` VALUES (38, 53, 15, '2025-05-12', 'Kasir', NULL, 1);
INSERT INTO `stok_keluar` VALUES (39, 21, 0, '2025-06-07', 'Kasir', NULL, 4);
INSERT INTO `stok_keluar` VALUES (40, 27, 11, '2025-06-04', 'Kasir', NULL, 4);
INSERT INTO `stok_keluar` VALUES (41, 26, 15, '2025-06-13', 'Kasir', NULL, 4);
INSERT INTO `stok_keluar` VALUES (42, 46, 12, '2025-06-07', 'Kasir', NULL, 1);
INSERT INTO `stok_keluar` VALUES (43, 10, 11, '2025-06-14', 'Kasir', NULL, 4);
INSERT INTO `stok_keluar` VALUES (44, 29, 1, '2025-05-24', 'Kasir', NULL, 1);
INSERT INTO `stok_keluar` VALUES (45, 48, 6, '2025-06-02', 'Kasir', NULL, 4);
INSERT INTO `stok_keluar` VALUES (46, 23, 2, '2025-05-09', 'Kasir', NULL, 1);
INSERT INTO `stok_keluar` VALUES (47, 47, 11, '2025-05-15', 'Kasir', NULL, 4);
INSERT INTO `stok_keluar` VALUES (48, 18, 14, '2025-06-08', 'Kasir', NULL, 1);
INSERT INTO `stok_keluar` VALUES (49, 13, 13, '2025-05-29', 'Kasir', NULL, 4);
INSERT INTO `stok_keluar` VALUES (50, 18, 7, '2025-06-03', 'Kasir', NULL, 1);
INSERT INTO `stok_keluar` VALUES (51, 39, 9, '2025-05-29', 'Kasir', NULL, 1);
INSERT INTO `stok_keluar` VALUES (52, 50, 7, '2025-05-05', 'Kasir', NULL, 4);
INSERT INTO `stok_keluar` VALUES (53, 40, 13, '2025-05-24', 'Kasir', NULL, 4);
INSERT INTO `stok_keluar` VALUES (54, 32, 4, '2025-05-09', 'Kasir', NULL, 1);
INSERT INTO `stok_keluar` VALUES (55, 6, 9, '2025-05-06', 'Kasir', NULL, 4);
INSERT INTO `stok_keluar` VALUES (56, 10, 6, '2025-05-26', 'Kasir', NULL, 4);
INSERT INTO `stok_keluar` VALUES (57, 41, 1, '2025-06-03', 'Kasir', NULL, 4);
INSERT INTO `stok_keluar` VALUES (58, 38, 5, '2025-06-10', 'Kasir', NULL, 4);
INSERT INTO `stok_keluar` VALUES (59, 31, 8, '2025-05-28', 'Kasir', NULL, 4);
INSERT INTO `stok_keluar` VALUES (60, 27, 5, '2025-05-06', 'Kasir', NULL, 4);
INSERT INTO `stok_keluar` VALUES (61, 27, 3, '2025-06-09', 'Kasir', NULL, 4);
INSERT INTO `stok_keluar` VALUES (62, 42, 12, '2025-05-28', 'Kasir', NULL, 4);
INSERT INTO `stok_keluar` VALUES (63, 46, 14, '2025-06-13', 'Kasir', NULL, 4);
INSERT INTO `stok_keluar` VALUES (64, 44, 5, '2025-06-11', 'Kasir', NULL, 1);
INSERT INTO `stok_keluar` VALUES (65, 16, 6, '2025-05-23', 'Kasir', NULL, 1);
INSERT INTO `stok_keluar` VALUES (66, 17, 1, '2025-06-11', 'Kasir', NULL, 1);
INSERT INTO `stok_keluar` VALUES (67, 49, 1, '2025-06-14', 'Kasir', NULL, 1);
INSERT INTO `stok_keluar` VALUES (68, 51, 6, '2025-05-08', 'Kasir', NULL, 4);
INSERT INTO `stok_keluar` VALUES (69, 46, 5, '2025-05-10', 'Kasir', NULL, 1);
INSERT INTO `stok_keluar` VALUES (70, 47, 1, '2025-05-02', 'Kasir', NULL, 1);
INSERT INTO `stok_keluar` VALUES (71, 27, 13, '2025-06-10', 'Kasir', NULL, 1);
INSERT INTO `stok_keluar` VALUES (72, 19, 6, '2025-05-13', 'Kasir', NULL, 1);
INSERT INTO `stok_keluar` VALUES (73, 39, 7, '2025-05-11', 'Kasir', NULL, 1);
INSERT INTO `stok_keluar` VALUES (74, 27, 10, '2025-05-10', 'Kasir', NULL, 4);
INSERT INTO `stok_keluar` VALUES (75, 26, 6, '2025-05-20', 'Kasir', NULL, 1);
INSERT INTO `stok_keluar` VALUES (76, 36, 15, '2025-05-25', 'Kasir', NULL, 1);
INSERT INTO `stok_keluar` VALUES (77, 7, 5, '2025-05-20', 'Kasir', NULL, 1);
INSERT INTO `stok_keluar` VALUES (78, 51, 11, '2025-05-24', 'Kasir', NULL, 4);
INSERT INTO `stok_keluar` VALUES (79, 32, 2, '2025-05-01', 'Kasir', NULL, 4);
INSERT INTO `stok_keluar` VALUES (80, 30, 13, '2025-05-10', 'Kasir', NULL, 1);
INSERT INTO `stok_keluar` VALUES (81, 8, 9, '2025-05-19', 'Kasir', NULL, 4);
INSERT INTO `stok_keluar` VALUES (82, 53, 7, '2025-06-08', 'Kasir', NULL, 4);
INSERT INTO `stok_keluar` VALUES (83, 6, 3, '2025-06-07', 'Kasir', NULL, 4);
INSERT INTO `stok_keluar` VALUES (84, 49, 1, '2025-05-30', 'Kasir', NULL, 4);
INSERT INTO `stok_keluar` VALUES (85, 40, 5, '2025-05-13', 'Kasir', NULL, 4);
INSERT INTO `stok_keluar` VALUES (86, 10, 2, '2025-05-30', 'Kasir', NULL, 4);
INSERT INTO `stok_keluar` VALUES (87, 35, 6, '2025-05-21', 'Kasir', NULL, 4);
INSERT INTO `stok_keluar` VALUES (88, 22, 8, '2025-05-21', 'Kasir', NULL, 1);
INSERT INTO `stok_keluar` VALUES (89, 48, 15, '2025-06-07', 'Kasir', NULL, 1);
INSERT INTO `stok_keluar` VALUES (90, 28, 6, '2025-05-22', 'Kasir', NULL, 4);
INSERT INTO `stok_keluar` VALUES (91, 32, 10, '2025-06-09', 'Kasir', NULL, 4);
INSERT INTO `stok_keluar` VALUES (92, 13, 5, '2025-06-10', 'Kasir', NULL, 1);
INSERT INTO `stok_keluar` VALUES (93, 20, 14, '2025-06-06', 'Kasir', NULL, 4);
INSERT INTO `stok_keluar` VALUES (94, 50, 12, '2025-06-06', 'Kasir', NULL, 4);
INSERT INTO `stok_keluar` VALUES (95, 10, 12, '2025-05-11', 'Kasir', NULL, 1);
INSERT INTO `stok_keluar` VALUES (96, 12, 12, '2025-05-04', 'Kasir', NULL, 4);
INSERT INTO `stok_keluar` VALUES (97, 33, 4, '2025-06-04', 'Kasir', NULL, 1);
INSERT INTO `stok_keluar` VALUES (98, 23, 11, '2025-05-17', 'Kasir', NULL, 1);
INSERT INTO `stok_keluar` VALUES (99, 53, 11, '2025-05-09', 'Kasir', NULL, 1);
INSERT INTO `stok_keluar` VALUES (100, 29, 4, '2025-06-07', 'Kasir', NULL, 1);
INSERT INTO `stok_keluar` VALUES (101, 26, 0, '2025-05-06', 'Kasir', NULL, 4);
INSERT INTO `stok_keluar` VALUES (102, 42, 12, '2025-06-03', 'Kasir', NULL, 4);
INSERT INTO `stok_keluar` VALUES (103, 48, 12, '2025-05-29', 'Kasir', NULL, 1);
INSERT INTO `stok_keluar` VALUES (104, 52, 1, '2025-05-12', 'Kasir', NULL, 4);
INSERT INTO `stok_keluar` VALUES (105, 15, 2, '2025-05-30', 'Kasir', NULL, 1);
INSERT INTO `stok_keluar` VALUES (106, 36, 13, '2025-05-01', 'Kasir', NULL, 4);
INSERT INTO `stok_keluar` VALUES (107, 37, 6, '2025-05-19', 'Kasir', NULL, 4);
INSERT INTO `stok_keluar` VALUES (108, 29, 4, '2025-05-09', 'Kasir', NULL, 4);
INSERT INTO `stok_keluar` VALUES (109, 50, 3, '2025-05-11', 'Kasir', NULL, 1);
INSERT INTO `stok_keluar` VALUES (110, 45, 8, '2025-06-09', 'Kasir', NULL, 1);
INSERT INTO `stok_keluar` VALUES (111, 23, 14, '2025-05-04', 'Kasir', NULL, 4);
INSERT INTO `stok_keluar` VALUES (112, 28, 7, '2025-05-09', 'Kasir', NULL, 1);
INSERT INTO `stok_keluar` VALUES (113, 28, 3, '2025-06-01', 'Kasir', NULL, 1);
INSERT INTO `stok_keluar` VALUES (114, 30, 3, '2025-05-31', 'Kasir', NULL, 1);
INSERT INTO `stok_keluar` VALUES (115, 19, 2, '2025-05-05', 'Kasir', NULL, 4);
INSERT INTO `stok_keluar` VALUES (116, 20, 6, '2025-05-09', 'Kasir', NULL, 4);
INSERT INTO `stok_keluar` VALUES (117, 11, 1, '2025-06-14', 'Kasir', NULL, 4);
INSERT INTO `stok_keluar` VALUES (118, 50, 8, '2025-05-15', 'Kasir', NULL, 1);
INSERT INTO `stok_keluar` VALUES (119, 50, 3, '2025-06-04', 'Kasir', NULL, 1);
INSERT INTO `stok_keluar` VALUES (120, 24, 10, '2025-05-26', 'Kasir', NULL, 1);
INSERT INTO `stok_keluar` VALUES (121, 32, 2, '2025-05-05', 'Kasir', NULL, 1);
INSERT INTO `stok_keluar` VALUES (122, 20, 11, '2025-05-24', 'Kasir', NULL, 1);
INSERT INTO `stok_keluar` VALUES (123, 13, 11, '2025-05-01', 'Kasir', NULL, 1);
INSERT INTO `stok_keluar` VALUES (124, 32, 1, '2025-05-19', 'Kasir', NULL, 4);
INSERT INTO `stok_keluar` VALUES (125, 46, 8, '2025-05-03', 'Kasir', NULL, 4);
INSERT INTO `stok_keluar` VALUES (126, 42, 10, '2025-05-02', 'Kasir', NULL, 4);
INSERT INTO `stok_keluar` VALUES (127, 31, 8, '2025-05-28', 'Kasir', NULL, 1);
INSERT INTO `stok_keluar` VALUES (128, 37, 15, '2025-06-02', 'Kasir', NULL, 1);
INSERT INTO `stok_keluar` VALUES (129, 19, 6, '2025-05-27', 'Kasir', NULL, 4);
INSERT INTO `stok_keluar` VALUES (130, 9, 8, '2025-06-03', 'Kasir', NULL, 1);
INSERT INTO `stok_keluar` VALUES (131, 23, 14, '2025-05-23', 'Kasir', NULL, 4);
INSERT INTO `stok_keluar` VALUES (132, 11, 12, '2025-06-12', 'Kasir', NULL, 4);
INSERT INTO `stok_keluar` VALUES (133, 28, 4, '2025-06-03', 'Kasir', NULL, 1);
INSERT INTO `stok_keluar` VALUES (134, 41, 1, '2025-05-09', 'Kasir', NULL, 1);
INSERT INTO `stok_keluar` VALUES (135, 35, 0, '2025-05-18', 'Kasir', NULL, 4);
INSERT INTO `stok_keluar` VALUES (136, 14, 2, '2025-06-07', 'Kasir', NULL, 4);
INSERT INTO `stok_keluar` VALUES (137, 42, 1, '2025-05-11', 'Kasir', NULL, 4);
INSERT INTO `stok_keluar` VALUES (138, 35, 7, '2025-05-24', 'Kasir', NULL, 4);
INSERT INTO `stok_keluar` VALUES (139, 38, 5, '2025-05-07', 'Kasir', NULL, 1);
INSERT INTO `stok_keluar` VALUES (140, 40, 9, '2025-05-18', 'Kasir', NULL, 1);
INSERT INTO `stok_keluar` VALUES (141, 33, 3, '2025-06-10', 'Kasir', NULL, 1);
INSERT INTO `stok_keluar` VALUES (142, 13, 4, '2025-05-23', 'Kasir', NULL, 1);
INSERT INTO `stok_keluar` VALUES (143, 49, 3, '2025-06-04', 'Kasir', NULL, 4);
INSERT INTO `stok_keluar` VALUES (144, 39, 14, '2025-05-10', 'Kasir', NULL, 4);
INSERT INTO `stok_keluar` VALUES (145, 23, 12, '2025-06-02', 'Kasir', NULL, 1);
INSERT INTO `stok_keluar` VALUES (146, 16, 3, '2025-05-22', 'Kasir', NULL, 1);
INSERT INTO `stok_keluar` VALUES (147, 20, 10, '2025-06-07', 'Kasir', NULL, 4);
INSERT INTO `stok_keluar` VALUES (148, 46, 3, '2025-05-27', 'Kasir', NULL, 1);
INSERT INTO `stok_keluar` VALUES (149, 18, 8, '2025-05-27', 'Kasir', NULL, 1);
INSERT INTO `stok_keluar` VALUES (150, 18, 12, '2025-06-05', 'Kasir', NULL, 4);
INSERT INTO `stok_keluar` VALUES (151, 53, 12, '2025-05-18', 'Kasir', NULL, 1);
INSERT INTO `stok_keluar` VALUES (152, 23, 14, '2025-06-09', 'Kasir', NULL, 1);
INSERT INTO `stok_keluar` VALUES (153, 24, 7, '2025-05-16', 'Kasir', NULL, 1);
INSERT INTO `stok_keluar` VALUES (154, 34, 7, '2025-06-08', 'Kasir', NULL, 4);
INSERT INTO `stok_keluar` VALUES (155, 5, 15, '2025-05-05', 'Kasir', NULL, 1);
INSERT INTO `stok_keluar` VALUES (156, 51, 9, '2025-05-01', 'Kasir', NULL, 1);
INSERT INTO `stok_keluar` VALUES (157, 38, 11, '2025-05-27', 'Kasir', NULL, 4);
INSERT INTO `stok_keluar` VALUES (158, 19, 12, '2025-05-21', 'Kasir', NULL, 1);
INSERT INTO `stok_keluar` VALUES (159, 22, 14, '2025-05-13', 'Kasir', NULL, 1);
INSERT INTO `stok_keluar` VALUES (160, 43, 0, '2025-05-16', 'Kasir', NULL, 1);
INSERT INTO `stok_keluar` VALUES (161, 52, 9, '2025-05-07', 'Kasir', NULL, 4);
INSERT INTO `stok_keluar` VALUES (162, 17, 5, '2025-06-06', 'Kasir', NULL, 1);
INSERT INTO `stok_keluar` VALUES (163, 7, 6, '2025-05-27', 'Kasir', NULL, 4);
INSERT INTO `stok_keluar` VALUES (164, 20, 12, '2025-06-06', 'Kasir', NULL, 4);
INSERT INTO `stok_keluar` VALUES (165, 27, 8, '2025-05-22', 'Kasir', NULL, 1);
INSERT INTO `stok_keluar` VALUES (166, 30, 6, '2025-05-20', 'Kasir', NULL, 1);
INSERT INTO `stok_keluar` VALUES (167, 9, 1, '2025-05-19', 'Kasir', NULL, 1);
INSERT INTO `stok_keluar` VALUES (168, 26, 4, '2025-06-01', 'Kasir', NULL, 1);
INSERT INTO `stok_keluar` VALUES (169, 7, 4, '2025-06-09', 'Kasir', NULL, 4);
INSERT INTO `stok_keluar` VALUES (170, 9, 7, '2025-05-18', 'Kasir', NULL, 1);
INSERT INTO `stok_keluar` VALUES (171, 48, 1, '2025-05-06', 'Kasir', NULL, 1);
INSERT INTO `stok_keluar` VALUES (172, 6, 1, '2025-05-08', 'Kasir', NULL, 1);
INSERT INTO `stok_keluar` VALUES (173, 43, 1, '2025-05-28', 'Kasir', NULL, 1);
INSERT INTO `stok_keluar` VALUES (174, 38, 15, '2025-05-16', 'Kasir', NULL, 4);
INSERT INTO `stok_keluar` VALUES (175, 17, 12, '2025-05-09', 'Kasir', NULL, 4);
INSERT INTO `stok_keluar` VALUES (176, 24, 14, '2025-06-09', 'Kasir', NULL, 4);
INSERT INTO `stok_keluar` VALUES (177, 40, 12, '2025-05-23', 'Kasir', NULL, 1);
INSERT INTO `stok_keluar` VALUES (178, 20, 4, '2025-05-14', 'Kasir', NULL, 4);
INSERT INTO `stok_keluar` VALUES (179, 21, 11, '2025-05-06', 'Kasir', NULL, 1);
INSERT INTO `stok_keluar` VALUES (180, 22, 3, '2025-05-29', 'Kasir', NULL, 1);
INSERT INTO `stok_keluar` VALUES (181, 16, 12, '2025-06-05', 'Kasir', NULL, 4);
INSERT INTO `stok_keluar` VALUES (182, 34, 8, '2025-05-28', 'Kasir', NULL, 1);
INSERT INTO `stok_keluar` VALUES (183, 49, 0, '2025-06-03', 'Kasir', NULL, 4);
INSERT INTO `stok_keluar` VALUES (184, 9, 11, '2025-05-31', 'Kasir', NULL, 1);
INSERT INTO `stok_keluar` VALUES (185, 35, 5, '2025-05-14', 'Kasir', NULL, 4);
INSERT INTO `stok_keluar` VALUES (186, 37, 12, '2025-05-10', 'Kasir', NULL, 4);
INSERT INTO `stok_keluar` VALUES (187, 25, 7, '2025-06-13', 'Kasir', NULL, 1);
INSERT INTO `stok_keluar` VALUES (188, 28, 10, '2025-05-10', 'Kasir', NULL, 1);
INSERT INTO `stok_keluar` VALUES (189, 29, 3, '2025-05-08', 'Kasir', NULL, 1);
INSERT INTO `stok_keluar` VALUES (190, 23, 5, '2025-05-22', 'Kasir', NULL, 4);
INSERT INTO `stok_keluar` VALUES (191, 52, 7, '2025-05-03', 'Kasir', NULL, 1);
INSERT INTO `stok_keluar` VALUES (192, 22, 12, '2025-05-09', 'Kasir', NULL, 4);
INSERT INTO `stok_keluar` VALUES (193, 25, 8, '2025-06-10', 'Kasir', NULL, 1);
INSERT INTO `stok_keluar` VALUES (194, 25, 8, '2025-05-13', 'Kasir', NULL, 1);
INSERT INTO `stok_keluar` VALUES (195, 51, 11, '2025-06-11', 'Kasir', NULL, 1);
INSERT INTO `stok_keluar` VALUES (196, 40, 12, '2025-05-26', 'Kasir', NULL, 4);
INSERT INTO `stok_keluar` VALUES (197, 25, 10, '2025-05-03', 'Kasir', NULL, 1);
INSERT INTO `stok_keluar` VALUES (198, 7, 14, '2025-05-10', 'Kasir', NULL, 1);
INSERT INTO `stok_keluar` VALUES (199, 14, 2, '2025-05-31', 'Kasir', NULL, 1);
INSERT INTO `stok_keluar` VALUES (200, 40, 15, '2025-05-20', 'Kasir', NULL, 1);
INSERT INTO `stok_keluar` VALUES (201, 9, 2, '2025-05-05', 'Kasir', NULL, 1);
INSERT INTO `stok_keluar` VALUES (202, 14, 5, '2025-06-06', 'Kasir', NULL, 4);
INSERT INTO `stok_keluar` VALUES (203, 36, 1, '2025-05-19', 'Kasir', NULL, 1);
INSERT INTO `stok_keluar` VALUES (204, 17, 8, '2025-05-22', 'Kasir', NULL, 4);
INSERT INTO `stok_keluar` VALUES (205, 23, 12, '2025-06-14', 'Kasir', NULL, 4);
INSERT INTO `stok_keluar` VALUES (206, 26, 9, '2025-06-01', 'Kasir', NULL, 1);
INSERT INTO `stok_keluar` VALUES (207, 16, 13, '2025-05-19', 'Kasir', NULL, 1);
INSERT INTO `stok_keluar` VALUES (208, 27, 13, '2025-05-12', 'Kasir', NULL, 1);
INSERT INTO `stok_keluar` VALUES (209, 8, 7, '2025-06-05', 'Kasir', NULL, 4);
INSERT INTO `stok_keluar` VALUES (210, 38, 15, '2025-05-14', 'Kasir', NULL, 4);
INSERT INTO `stok_keluar` VALUES (211, 41, 11, '2025-05-21', 'Kasir', NULL, 1);
INSERT INTO `stok_keluar` VALUES (212, 50, 10, '2025-06-01', 'Kasir', NULL, 4);
INSERT INTO `stok_keluar` VALUES (213, 25, 0, '2025-05-17', 'Kasir', NULL, 1);
INSERT INTO `stok_keluar` VALUES (214, 34, 5, '2025-06-02', 'Kasir', NULL, 1);
INSERT INTO `stok_keluar` VALUES (215, 37, 9, '2025-05-06', 'Kasir', NULL, 1);
INSERT INTO `stok_keluar` VALUES (216, 24, 7, '2025-05-05', 'Kasir', NULL, 1);
INSERT INTO `stok_keluar` VALUES (217, 40, 2, '2025-05-19', 'Kasir', NULL, 4);
INSERT INTO `stok_keluar` VALUES (218, 21, 13, '2025-05-01', 'Kasir', NULL, 4);
INSERT INTO `stok_keluar` VALUES (219, 24, 0, '2025-05-03', 'Kasir', NULL, 4);
INSERT INTO `stok_keluar` VALUES (220, 38, 0, '2025-05-19', 'Kasir', NULL, 4);
INSERT INTO `stok_keluar` VALUES (221, 28, 3, '2025-06-07', 'Kasir', NULL, 1);
INSERT INTO `stok_keluar` VALUES (222, 28, 0, '2025-05-27', 'Kasir', NULL, 1);
INSERT INTO `stok_keluar` VALUES (223, 12, 1, '2025-06-02', 'Kasir', NULL, 1);
INSERT INTO `stok_keluar` VALUES (224, 23, 14, '2025-06-05', 'Kasir', NULL, 1);
INSERT INTO `stok_keluar` VALUES (225, 54, 10, '2025-05-30', 'Kasir', NULL, 1);
INSERT INTO `stok_keluar` VALUES (226, 16, 14, '2025-06-12', 'Kasir', NULL, 1);
INSERT INTO `stok_keluar` VALUES (227, 46, 2, '2025-05-28', 'Kasir', NULL, 1);
INSERT INTO `stok_keluar` VALUES (228, 17, 13, '2025-05-11', 'Kasir', NULL, 1);
INSERT INTO `stok_keluar` VALUES (229, 5, 12, '2025-05-04', 'Kasir', NULL, 4);
INSERT INTO `stok_keluar` VALUES (230, 27, 12, '2025-05-20', 'Kasir', NULL, 4);
INSERT INTO `stok_keluar` VALUES (231, 28, 5, '2025-06-04', 'Kasir', NULL, 4);
INSERT INTO `stok_keluar` VALUES (232, 30, 11, '2025-05-28', 'Kasir', NULL, 4);
INSERT INTO `stok_keluar` VALUES (233, 39, 14, '2025-05-07', 'Kasir', NULL, 4);
INSERT INTO `stok_keluar` VALUES (234, 7, 5, '2025-06-02', 'Kasir', NULL, 1);
INSERT INTO `stok_keluar` VALUES (235, 31, 13, '2025-05-29', 'Kasir', NULL, 1);
INSERT INTO `stok_keluar` VALUES (236, 21, 12, '2025-05-01', 'Kasir', NULL, 1);
INSERT INTO `stok_keluar` VALUES (237, 14, 9, '2025-05-24', 'Kasir', NULL, 4);
INSERT INTO `stok_keluar` VALUES (238, 20, 8, '2025-06-09', 'Kasir', NULL, 1);
INSERT INTO `stok_keluar` VALUES (239, 13, 11, '2025-05-28', 'Kasir', NULL, 1);
INSERT INTO `stok_keluar` VALUES (240, 50, 10, '2025-06-14', 'Kasir', NULL, 4);
INSERT INTO `stok_keluar` VALUES (241, 12, 15, '2025-06-03', 'Kasir', NULL, 1);
INSERT INTO `stok_keluar` VALUES (242, 8, 1, '2025-05-21', 'Kasir', NULL, 1);
INSERT INTO `stok_keluar` VALUES (243, 18, 10, '2025-05-18', 'Kasir', NULL, 1);
INSERT INTO `stok_keluar` VALUES (244, 23, 3, '2025-06-03', 'Kasir', NULL, 1);
INSERT INTO `stok_keluar` VALUES (245, 51, 7, '2025-05-01', 'Kasir', NULL, 4);
INSERT INTO `stok_keluar` VALUES (246, 30, 9, '2025-05-05', 'Kasir', NULL, 4);
INSERT INTO `stok_keluar` VALUES (247, 11, 12, '2025-06-07', 'Kasir', NULL, 1);
INSERT INTO `stok_keluar` VALUES (248, 28, 10, '2025-05-13', 'Kasir', NULL, 4);
INSERT INTO `stok_keluar` VALUES (249, 13, 5, '2025-05-03', 'Kasir', NULL, 4);
INSERT INTO `stok_keluar` VALUES (250, 10, 0, '2025-05-17', 'Kasir', NULL, 1);
INSERT INTO `stok_keluar` VALUES (251, 52, 15, '2025-06-13', 'Kasir', NULL, 1);
INSERT INTO `stok_keluar` VALUES (252, 13, 13, '2025-05-23', 'Kasir', NULL, 1);
INSERT INTO `stok_keluar` VALUES (253, 12, 14, '2025-05-01', 'Kasir', NULL, 4);
INSERT INTO `stok_keluar` VALUES (254, 34, 1, '2025-05-26', 'Kasir', NULL, 1);
INSERT INTO `stok_keluar` VALUES (255, 24, 1, '2025-05-04', 'Kasir', NULL, 4);
INSERT INTO `stok_keluar` VALUES (256, 5, 14, '2025-05-07', 'Kasir', NULL, 4);
INSERT INTO `stok_keluar` VALUES (257, 47, 12, '2025-06-09', 'Kasir', NULL, 4);
INSERT INTO `stok_keluar` VALUES (258, 43, 12, '2025-06-14', 'Kasir', NULL, 4);
INSERT INTO `stok_keluar` VALUES (259, 39, 0, '2025-05-24', 'Kasir', NULL, 4);
INSERT INTO `stok_keluar` VALUES (260, 40, 2, '2025-05-02', 'Kasir', NULL, 4);
INSERT INTO `stok_keluar` VALUES (261, 13, 10, '2025-06-11', 'Kasir', NULL, 4);
INSERT INTO `stok_keluar` VALUES (262, 53, 12, '2025-05-23', 'Kasir', NULL, 4);
INSERT INTO `stok_keluar` VALUES (263, 52, 10, '2025-06-05', 'Kasir', NULL, 4);
INSERT INTO `stok_keluar` VALUES (264, 49, 11, '2025-05-14', 'Kasir', NULL, 1);
INSERT INTO `stok_keluar` VALUES (265, 44, 6, '2025-05-30', 'Kasir', NULL, 4);
INSERT INTO `stok_keluar` VALUES (266, 20, 6, '2025-05-23', 'Kasir', NULL, 1);
INSERT INTO `stok_keluar` VALUES (267, 8, 9, '2025-05-30', 'Kasir', NULL, 4);
INSERT INTO `stok_keluar` VALUES (268, 6, 5, '2025-05-23', 'Kasir', NULL, 1);
INSERT INTO `stok_keluar` VALUES (269, 32, 14, '2025-05-12', 'Kasir', NULL, 1);
INSERT INTO `stok_keluar` VALUES (270, 29, 7, '2025-06-12', 'Kasir', NULL, 1);
INSERT INTO `stok_keluar` VALUES (271, 47, 7, '2025-05-02', 'Kasir', NULL, 1);
INSERT INTO `stok_keluar` VALUES (272, 46, 15, '2025-05-23', 'Kasir', NULL, 4);
INSERT INTO `stok_keluar` VALUES (273, 27, 2, '2025-05-15', 'Kasir', NULL, 1);
INSERT INTO `stok_keluar` VALUES (274, 51, 13, '2025-05-10', 'Kasir', NULL, 1);
INSERT INTO `stok_keluar` VALUES (275, 28, 8, '2025-05-14', 'Kasir', NULL, 1);
INSERT INTO `stok_keluar` VALUES (276, 37, 9, '2025-05-15', 'Kasir', NULL, 1);
INSERT INTO `stok_keluar` VALUES (277, 40, 1, '2025-05-06', 'Kasir', NULL, 4);
INSERT INTO `stok_keluar` VALUES (278, 41, 11, '2025-06-07', 'Kasir', NULL, 1);
INSERT INTO `stok_keluar` VALUES (279, 12, 2, '2025-05-04', 'Kasir', NULL, 1);
INSERT INTO `stok_keluar` VALUES (280, 42, 6, '2025-05-06', 'Kasir', NULL, 4);
INSERT INTO `stok_keluar` VALUES (281, 49, 2, '2025-05-10', 'Kasir', NULL, 4);
INSERT INTO `stok_keluar` VALUES (282, 5, 9, '2025-06-01', 'Kasir', NULL, 4);
INSERT INTO `stok_keluar` VALUES (283, 49, 3, '2025-06-10', 'Kasir', NULL, 4);
INSERT INTO `stok_keluar` VALUES (284, 46, 11, '2025-06-02', 'Kasir', NULL, 1);
INSERT INTO `stok_keluar` VALUES (285, 26, 2, '2025-05-15', 'Kasir', NULL, 4);
INSERT INTO `stok_keluar` VALUES (286, 22, 9, '2025-06-02', 'Kasir', NULL, 4);
INSERT INTO `stok_keluar` VALUES (287, 6, 12, '2025-06-01', 'Kasir', NULL, 4);
INSERT INTO `stok_keluar` VALUES (288, 48, 13, '2025-05-04', 'Kasir', NULL, 4);
INSERT INTO `stok_keluar` VALUES (289, 42, 8, '2025-06-09', 'Kasir', NULL, 4);
INSERT INTO `stok_keluar` VALUES (290, 10, 5, '2025-05-25', 'Kasir', NULL, 4);
INSERT INTO `stok_keluar` VALUES (291, 48, 4, '2025-06-02', 'Kasir', NULL, 4);
INSERT INTO `stok_keluar` VALUES (292, 40, 11, '2025-05-08', 'Kasir', NULL, 1);
INSERT INTO `stok_keluar` VALUES (293, 31, 2, '2025-06-09', 'Kasir', NULL, 4);
INSERT INTO `stok_keluar` VALUES (294, 15, 4, '2025-05-22', 'Kasir', NULL, 1);
INSERT INTO `stok_keluar` VALUES (295, 20, 6, '2025-06-10', 'Kasir', NULL, 1);
INSERT INTO `stok_keluar` VALUES (296, 43, 10, '2025-05-26', 'Kasir', NULL, 4);
INSERT INTO `stok_keluar` VALUES (297, 24, 8, '2025-05-28', 'Kasir', NULL, 1);
INSERT INTO `stok_keluar` VALUES (298, 48, 12, '2025-05-07', 'Kasir', NULL, 4);
INSERT INTO `stok_keluar` VALUES (299, 20, 11, '2025-05-22', 'Kasir', NULL, 4);
INSERT INTO `stok_keluar` VALUES (300, 38, 11, '2025-05-06', 'Kasir', NULL, 4);
INSERT INTO `stok_keluar` VALUES (301, 13, 8, '2025-05-06', 'Kasir', NULL, 1);
INSERT INTO `stok_keluar` VALUES (302, 32, 7, '2025-05-14', 'Kasir', NULL, 4);
INSERT INTO `stok_keluar` VALUES (303, 48, 2, '2025-05-23', 'Kasir', NULL, 4);
INSERT INTO `stok_keluar` VALUES (304, 33, 7, '2025-05-18', 'Kasir', NULL, 4);
INSERT INTO `stok_keluar` VALUES (305, 5, 5, '2025-06-12', 'Kasir', NULL, 4);
INSERT INTO `stok_keluar` VALUES (306, 48, 12, '2025-06-07', 'Kasir', NULL, 4);
INSERT INTO `stok_keluar` VALUES (307, 25, 5, '2025-05-30', 'Kasir', NULL, 4);
INSERT INTO `stok_keluar` VALUES (308, 20, 11, '2025-05-26', 'Kasir', NULL, 1);
INSERT INTO `stok_keluar` VALUES (309, 15, 12, '2025-06-13', 'Kasir', NULL, 4);
INSERT INTO `stok_keluar` VALUES (310, 5, 8, '2025-05-03', 'Kasir', NULL, 4);
INSERT INTO `stok_keluar` VALUES (311, 29, 14, '2025-06-09', 'Kasir', NULL, 1);
INSERT INTO `stok_keluar` VALUES (312, 30, 13, '2025-06-02', 'Kasir', NULL, 1);
INSERT INTO `stok_keluar` VALUES (313, 15, 1, '2025-05-02', 'Kasir', NULL, 1);
INSERT INTO `stok_keluar` VALUES (314, 28, 2, '2025-05-23', 'Kasir', NULL, 1);
INSERT INTO `stok_keluar` VALUES (315, 7, 5, '2025-06-08', 'Kasir', NULL, 4);
INSERT INTO `stok_keluar` VALUES (316, 50, 6, '2025-05-18', 'Kasir', NULL, 1);
INSERT INTO `stok_keluar` VALUES (317, 54, 9, '2025-05-04', 'Kasir', NULL, 1);
INSERT INTO `stok_keluar` VALUES (318, 47, 14, '2025-05-15', 'Kasir', NULL, 4);
INSERT INTO `stok_keluar` VALUES (319, 34, 0, '2025-06-14', 'Kasir', NULL, 1);
INSERT INTO `stok_keluar` VALUES (320, 40, 13, '2025-05-29', 'Kasir', NULL, 1);
INSERT INTO `stok_keluar` VALUES (321, 42, 0, '2025-05-06', 'Kasir', NULL, 4);
INSERT INTO `stok_keluar` VALUES (322, 17, 12, '2025-06-09', 'Kasir', NULL, 1);
INSERT INTO `stok_keluar` VALUES (323, 20, 3, '2025-06-02', 'Kasir', NULL, 4);
INSERT INTO `stok_keluar` VALUES (324, 54, 5, '2025-06-02', 'Kasir', NULL, 4);
INSERT INTO `stok_keluar` VALUES (325, 12, 14, '2025-05-15', 'Kasir', NULL, 1);
INSERT INTO `stok_keluar` VALUES (326, 28, 2, '2025-06-11', 'Kasir', NULL, 4);
INSERT INTO `stok_keluar` VALUES (327, 41, 4, '2025-05-17', 'Kasir', NULL, 1);
INSERT INTO `stok_keluar` VALUES (328, 13, 7, '2025-05-30', 'Kasir', NULL, 4);
INSERT INTO `stok_keluar` VALUES (329, 28, 13, '2025-05-22', 'Kasir', NULL, 1);
INSERT INTO `stok_keluar` VALUES (330, 41, 12, '2025-05-08', 'Kasir', NULL, 1);
INSERT INTO `stok_keluar` VALUES (331, 22, 9, '2025-06-10', 'Kasir', NULL, 4);
INSERT INTO `stok_keluar` VALUES (332, 54, 4, '2025-06-08', 'Kasir', NULL, 4);
INSERT INTO `stok_keluar` VALUES (333, 19, 14, '2025-06-12', 'Kasir', NULL, 4);
INSERT INTO `stok_keluar` VALUES (334, 43, 11, '2025-05-01', 'Kasir', NULL, 4);
INSERT INTO `stok_keluar` VALUES (335, 36, 14, '2025-05-03', 'Kasir', NULL, 4);
INSERT INTO `stok_keluar` VALUES (336, 42, 10, '2025-05-28', 'Kasir', NULL, 4);
INSERT INTO `stok_keluar` VALUES (337, 52, 5, '2025-06-11', 'Kasir', NULL, 4);
INSERT INTO `stok_keluar` VALUES (338, 40, 9, '2025-05-28', 'Kasir', NULL, 1);
INSERT INTO `stok_keluar` VALUES (339, 53, 8, '2025-05-16', 'Kasir', NULL, 4);
INSERT INTO `stok_keluar` VALUES (340, 18, 1, '2025-06-13', 'Kasir', NULL, 4);
INSERT INTO `stok_keluar` VALUES (341, 15, 10, '2025-06-04', 'Kasir', NULL, 1);
INSERT INTO `stok_keluar` VALUES (342, 14, 13, '2025-05-10', 'Kasir', NULL, 4);
INSERT INTO `stok_keluar` VALUES (343, 40, 2, '2025-06-09', 'Kasir', NULL, 4);
INSERT INTO `stok_keluar` VALUES (344, 36, 2, '2025-05-26', 'Kasir', NULL, 4);
INSERT INTO `stok_keluar` VALUES (345, 45, 4, '2025-05-27', 'Kasir', NULL, 1);
INSERT INTO `stok_keluar` VALUES (346, 48, 10, '2025-05-03', 'Kasir', NULL, 4);
INSERT INTO `stok_keluar` VALUES (347, 35, 5, '2025-06-07', 'Kasir', NULL, 4);
INSERT INTO `stok_keluar` VALUES (348, 26, 0, '2025-05-28', 'Kasir', NULL, 1);
INSERT INTO `stok_keluar` VALUES (349, 19, 13, '2025-06-09', 'Kasir', NULL, 4);
INSERT INTO `stok_keluar` VALUES (350, 44, 11, '2025-06-13', 'Kasir', NULL, 1);
INSERT INTO `stok_keluar` VALUES (351, 10, 6, '2025-05-17', 'Kasir', NULL, 4);
INSERT INTO `stok_keluar` VALUES (352, 32, 8, '2025-05-25', 'Kasir', NULL, 1);
INSERT INTO `stok_keluar` VALUES (353, 23, 10, '2025-05-31', 'Kasir', NULL, 4);
INSERT INTO `stok_keluar` VALUES (354, 12, 11, '2025-05-06', 'Kasir', NULL, 1);
INSERT INTO `stok_keluar` VALUES (355, 43, 15, '2025-05-27', 'Kasir', NULL, 4);
INSERT INTO `stok_keluar` VALUES (356, 47, 11, '2025-05-25', 'Kasir', NULL, 4);
INSERT INTO `stok_keluar` VALUES (357, 24, 3, '2025-05-03', 'Kasir', NULL, 1);
INSERT INTO `stok_keluar` VALUES (358, 22, 10, '2025-05-01', 'Kasir', NULL, 4);
INSERT INTO `stok_keluar` VALUES (359, 27, 0, '2025-06-04', 'Kasir', NULL, 1);
INSERT INTO `stok_keluar` VALUES (360, 24, 2, '2025-05-29', 'Kasir', NULL, 1);
INSERT INTO `stok_keluar` VALUES (361, 33, 12, '2025-05-31', 'Kasir', NULL, 1);
INSERT INTO `stok_keluar` VALUES (362, 8, 12, '2025-06-05', 'Kasir', NULL, 4);
INSERT INTO `stok_keluar` VALUES (363, 9, 3, '2025-05-30', 'Kasir', NULL, 1);
INSERT INTO `stok_keluar` VALUES (364, 49, 2, '2025-05-17', 'Kasir', NULL, 1);
INSERT INTO `stok_keluar` VALUES (365, 13, 0, '2025-05-29', 'Kasir', NULL, 1);
INSERT INTO `stok_keluar` VALUES (366, 7, 2, '2025-05-10', 'Kasir', NULL, 1);
INSERT INTO `stok_keluar` VALUES (367, 53, 8, '2025-06-12', 'Kasir', NULL, 4);
INSERT INTO `stok_keluar` VALUES (368, 37, 5, '2025-06-01', 'Kasir', NULL, 4);
INSERT INTO `stok_keluar` VALUES (369, 23, 9, '2025-05-25', 'Kasir', NULL, 1);
INSERT INTO `stok_keluar` VALUES (370, 53, 3, '2025-06-04', 'Kasir', NULL, 4);
INSERT INTO `stok_keluar` VALUES (371, 46, 10, '2025-06-12', 'Kasir', NULL, 4);
INSERT INTO `stok_keluar` VALUES (372, 43, 13, '2025-05-05', 'Kasir', NULL, 4);
INSERT INTO `stok_keluar` VALUES (373, 43, 7, '2025-05-02', 'Kasir', NULL, 1);
INSERT INTO `stok_keluar` VALUES (374, 24, 14, '2025-05-01', 'Kasir', NULL, 4);
INSERT INTO `stok_keluar` VALUES (375, 21, 4, '2025-05-10', 'Kasir', NULL, 1);
INSERT INTO `stok_keluar` VALUES (376, 45, 11, '2025-05-18', 'Kasir', NULL, 1);
INSERT INTO `stok_keluar` VALUES (377, 31, 2, '2025-06-04', 'Kasir', NULL, 1);
INSERT INTO `stok_keluar` VALUES (378, 30, 3, '2025-05-15', 'Kasir', NULL, 1);
INSERT INTO `stok_keluar` VALUES (379, 40, 6, '2025-05-14', 'Kasir', NULL, 4);
INSERT INTO `stok_keluar` VALUES (380, 54, 3, '2025-05-05', 'Kasir', NULL, 1);
INSERT INTO `stok_keluar` VALUES (381, 19, 1, '2025-06-10', 'Kasir', NULL, 4);
INSERT INTO `stok_keluar` VALUES (382, 6, 5, '2025-05-24', 'Kasir', NULL, 4);
INSERT INTO `stok_keluar` VALUES (383, 13, 2, '2025-06-09', 'Kasir', NULL, 1);
INSERT INTO `stok_keluar` VALUES (384, 26, 15, '2025-06-07', 'Kasir', NULL, 4);
INSERT INTO `stok_keluar` VALUES (385, 54, 11, '2025-06-02', 'Kasir', NULL, 1);
INSERT INTO `stok_keluar` VALUES (386, 42, 0, '2025-05-25', 'Kasir', NULL, 4);
INSERT INTO `stok_keluar` VALUES (387, 46, 7, '2025-05-27', 'Kasir', NULL, 1);
INSERT INTO `stok_keluar` VALUES (388, 47, 4, '2025-05-24', 'Kasir', NULL, 1);
INSERT INTO `stok_keluar` VALUES (389, 20, 3, '2025-05-16', 'Kasir', NULL, 1);
INSERT INTO `stok_keluar` VALUES (390, 45, 5, '2025-05-15', 'Kasir', NULL, 4);
INSERT INTO `stok_keluar` VALUES (391, 47, 9, '2025-05-27', 'Kasir', NULL, 1);
INSERT INTO `stok_keluar` VALUES (392, 54, 9, '2025-05-23', 'Kasir', NULL, 4);
INSERT INTO `stok_keluar` VALUES (393, 10, 1, '2025-05-10', 'Kasir', NULL, 1);
INSERT INTO `stok_keluar` VALUES (394, 27, 14, '2025-06-08', 'Kasir', NULL, 4);
INSERT INTO `stok_keluar` VALUES (395, 36, 4, '2025-05-28', 'Kasir', NULL, 1);
INSERT INTO `stok_keluar` VALUES (396, 53, 8, '2025-05-12', 'Kasir', NULL, 4);
INSERT INTO `stok_keluar` VALUES (397, 52, 10, '2025-05-05', 'Kasir', NULL, 1);
INSERT INTO `stok_keluar` VALUES (398, 20, 11, '2025-05-15', 'Kasir', NULL, 4);
INSERT INTO `stok_keluar` VALUES (399, 31, 8, '2025-05-20', 'Kasir', NULL, 1);
INSERT INTO `stok_keluar` VALUES (400, 21, 14, '2025-06-04', 'Kasir', NULL, 4);
INSERT INTO `stok_keluar` VALUES (401, 13, 3, '2025-06-13', 'Kasir', NULL, 1);
INSERT INTO `stok_keluar` VALUES (402, 30, 10, '2025-05-03', 'Kasir', NULL, 1);
INSERT INTO `stok_keluar` VALUES (403, 35, 7, '2025-06-08', 'Kasir', NULL, 4);
INSERT INTO `stok_keluar` VALUES (404, 27, 6, '2025-06-01', 'Kasir', NULL, 4);
INSERT INTO `stok_keluar` VALUES (405, 8, 2, '2025-05-12', 'Kasir', NULL, 1);
INSERT INTO `stok_keluar` VALUES (406, 29, 0, '2025-05-31', 'Kasir', NULL, 1);
INSERT INTO `stok_keluar` VALUES (407, 19, 6, '2025-05-14', 'Kasir', NULL, 1);
INSERT INTO `stok_keluar` VALUES (408, 54, 10, '2025-05-25', 'Kasir', NULL, 4);
INSERT INTO `stok_keluar` VALUES (409, 11, 2, '2025-05-21', 'Kasir', NULL, 4);
INSERT INTO `stok_keluar` VALUES (410, 19, 14, '2025-06-09', 'Kasir', NULL, 4);
INSERT INTO `stok_keluar` VALUES (411, 32, 5, '2025-06-01', 'Kasir', NULL, 1);
INSERT INTO `stok_keluar` VALUES (412, 50, 4, '2025-06-02', 'Kasir', NULL, 1);
INSERT INTO `stok_keluar` VALUES (413, 53, 5, '2025-05-06', 'Kasir', NULL, 4);
INSERT INTO `stok_keluar` VALUES (414, 41, 3, '2025-05-10', 'Kasir', NULL, 4);
INSERT INTO `stok_keluar` VALUES (415, 53, 12, '2025-05-23', 'Kasir', NULL, 4);
INSERT INTO `stok_keluar` VALUES (416, 23, 0, '2025-06-02', 'Kasir', NULL, 4);
INSERT INTO `stok_keluar` VALUES (417, 20, 6, '2025-05-19', 'Kasir', NULL, 1);
INSERT INTO `stok_keluar` VALUES (418, 54, 11, '2025-05-12', 'Kasir', NULL, 1);
INSERT INTO `stok_keluar` VALUES (419, 48, 13, '2025-05-09', 'Kasir', NULL, 1);
INSERT INTO `stok_keluar` VALUES (420, 36, 6, '2025-05-06', 'Kasir', NULL, 1);
INSERT INTO `stok_keluar` VALUES (421, 39, 14, '2025-06-10', 'Kasir', NULL, 4);
INSERT INTO `stok_keluar` VALUES (422, 53, 9, '2025-06-05', 'Kasir', NULL, 1);
INSERT INTO `stok_keluar` VALUES (423, 7, 7, '2025-06-02', 'Kasir', NULL, 1);
INSERT INTO `stok_keluar` VALUES (424, 19, 2, '2025-06-10', 'Kasir', NULL, 4);
INSERT INTO `stok_keluar` VALUES (425, 38, 2, '2025-06-14', 'Kasir', NULL, 1);
INSERT INTO `stok_keluar` VALUES (426, 41, 0, '2025-06-02', 'Kasir', NULL, 4);
INSERT INTO `stok_keluar` VALUES (427, 28, 10, '2025-05-31', 'Kasir', NULL, 1);
INSERT INTO `stok_keluar` VALUES (428, 13, 4, '2025-05-06', 'Kasir', NULL, 1);
INSERT INTO `stok_keluar` VALUES (429, 31, 0, '2025-06-04', 'Kasir', NULL, 4);
INSERT INTO `stok_keluar` VALUES (430, 14, 1, '2025-05-21', 'Kasir', NULL, 1);
INSERT INTO `stok_keluar` VALUES (431, 44, 4, '2025-05-24', 'Kasir', NULL, 4);
INSERT INTO `stok_keluar` VALUES (432, 9, 2, '2025-05-15', 'Kasir', NULL, 1);
INSERT INTO `stok_keluar` VALUES (433, 25, 11, '2025-05-14', 'Kasir', NULL, 4);
INSERT INTO `stok_keluar` VALUES (434, 54, 6, '2025-05-21', 'Kasir', NULL, 4);
INSERT INTO `stok_keluar` VALUES (435, 17, 6, '2025-05-21', 'Kasir', NULL, 1);
INSERT INTO `stok_keluar` VALUES (436, 29, 3, '2025-05-24', 'Kasir', NULL, 1);
INSERT INTO `stok_keluar` VALUES (437, 39, 11, '2025-05-20', 'Kasir', NULL, 1);
INSERT INTO `stok_keluar` VALUES (438, 46, 11, '2025-05-25', 'Kasir', NULL, 1);
INSERT INTO `stok_keluar` VALUES (439, 52, 9, '2025-06-07', 'Kasir', NULL, 1);
INSERT INTO `stok_keluar` VALUES (440, 41, 8, '2025-05-09', 'Kasir', NULL, 1);
INSERT INTO `stok_keluar` VALUES (441, 46, 13, '2025-05-01', 'Kasir', NULL, 4);
INSERT INTO `stok_keluar` VALUES (442, 40, 5, '2025-05-05', 'Kasir', NULL, 1);
INSERT INTO `stok_keluar` VALUES (443, 12, 14, '2025-05-23', 'Kasir', NULL, 1);
INSERT INTO `stok_keluar` VALUES (444, 31, 7, '2025-06-06', 'Kasir', NULL, 4);
INSERT INTO `stok_keluar` VALUES (445, 25, 8, '2025-05-13', 'Kasir', NULL, 4);
INSERT INTO `stok_keluar` VALUES (446, 5, 3, '2025-05-14', 'Kasir', NULL, 4);
INSERT INTO `stok_keluar` VALUES (447, 33, 11, '2025-05-25', 'Kasir', NULL, 4);
INSERT INTO `stok_keluar` VALUES (448, 19, 1, '2025-06-05', 'Kasir', NULL, 4);
INSERT INTO `stok_keluar` VALUES (449, 51, 6, '2025-05-09', 'Kasir', NULL, 4);
INSERT INTO `stok_keluar` VALUES (450, 48, 9, '2025-05-18', 'Kasir', NULL, 1);
INSERT INTO `stok_keluar` VALUES (451, 39, 9, '2025-05-26', 'Kasir', NULL, 1);
INSERT INTO `stok_keluar` VALUES (452, 42, 2, '2025-06-08', 'Kasir', NULL, 1);
INSERT INTO `stok_keluar` VALUES (453, 5, 8, '2025-05-29', 'Kasir', NULL, 1);
INSERT INTO `stok_keluar` VALUES (454, 40, 7, '2025-05-26', 'Kasir', NULL, 1);
INSERT INTO `stok_keluar` VALUES (455, 6, 7, '2025-05-05', 'Kasir', NULL, 4);
INSERT INTO `stok_keluar` VALUES (456, 14, 2, '2025-05-28', 'Kasir', NULL, 4);
INSERT INTO `stok_keluar` VALUES (457, 47, 14, '2025-05-25', 'Kasir', NULL, 1);
INSERT INTO `stok_keluar` VALUES (458, 9, 13, '2025-05-26', 'Kasir', NULL, 1);
INSERT INTO `stok_keluar` VALUES (459, 22, 12, '2025-05-18', 'Kasir', NULL, 1);
INSERT INTO `stok_keluar` VALUES (460, 31, 11, '2025-06-14', 'Kasir', NULL, 4);
INSERT INTO `stok_keluar` VALUES (461, 17, 15, '2025-06-07', 'Kasir', NULL, 1);
INSERT INTO `stok_keluar` VALUES (462, 27, 6, '2025-05-17', 'Kasir', NULL, 1);
INSERT INTO `stok_keluar` VALUES (463, 23, 7, '2025-05-27', 'Kasir', NULL, 1);
INSERT INTO `stok_keluar` VALUES (464, 43, 7, '2025-05-19', 'Kasir', NULL, 4);
INSERT INTO `stok_keluar` VALUES (465, 23, 6, '2025-05-02', 'Kasir', NULL, 4);
INSERT INTO `stok_keluar` VALUES (466, 30, 9, '2025-05-27', 'Kasir', NULL, 4);
INSERT INTO `stok_keluar` VALUES (467, 31, 3, '2025-05-11', 'Kasir', NULL, 1);
INSERT INTO `stok_keluar` VALUES (468, 19, 2, '2025-06-11', 'Kasir', NULL, 1);
INSERT INTO `stok_keluar` VALUES (469, 40, 6, '2025-05-27', 'Kasir', NULL, 4);
INSERT INTO `stok_keluar` VALUES (470, 41, 13, '2025-06-12', 'Kasir', NULL, 1);
INSERT INTO `stok_keluar` VALUES (471, 23, 14, '2025-05-17', 'Kasir', NULL, 4);
INSERT INTO `stok_keluar` VALUES (472, 43, 11, '2025-05-25', 'Kasir', NULL, 4);
INSERT INTO `stok_keluar` VALUES (473, 33, 3, '2025-05-22', 'Kasir', NULL, 1);
INSERT INTO `stok_keluar` VALUES (474, 21, 6, '2025-05-28', 'Kasir', NULL, 1);
INSERT INTO `stok_keluar` VALUES (475, 47, 4, '2025-05-03', 'Kasir', NULL, 4);
INSERT INTO `stok_keluar` VALUES (476, 35, 2, '2025-05-12', 'Kasir', NULL, 1);
INSERT INTO `stok_keluar` VALUES (477, 35, 1, '2025-06-02', 'Kasir', NULL, 1);
INSERT INTO `stok_keluar` VALUES (478, 38, 10, '2025-05-24', 'Kasir', NULL, 4);
INSERT INTO `stok_keluar` VALUES (479, 14, 2, '2025-05-10', 'Kasir', NULL, 1);
INSERT INTO `stok_keluar` VALUES (480, 42, 8, '2025-05-07', 'Kasir', NULL, 1);
INSERT INTO `stok_keluar` VALUES (481, 8, 8, '2025-06-12', 'Kasir', NULL, 4);
INSERT INTO `stok_keluar` VALUES (482, 26, 2, '2025-05-28', 'Kasir', NULL, 1);
INSERT INTO `stok_keluar` VALUES (483, 28, 4, '2025-06-08', 'Kasir', NULL, 1);
INSERT INTO `stok_keluar` VALUES (484, 29, 2, '2025-06-03', 'Kasir', NULL, 4);
INSERT INTO `stok_keluar` VALUES (485, 16, 12, '2025-05-19', 'Kasir', NULL, 4);
INSERT INTO `stok_keluar` VALUES (486, 8, 0, '2025-05-24', 'Kasir', NULL, 4);
INSERT INTO `stok_keluar` VALUES (487, 39, 1, '2025-05-07', 'Kasir', NULL, 1);
INSERT INTO `stok_keluar` VALUES (488, 32, 2, '2025-06-13', 'Kasir', NULL, 1);
INSERT INTO `stok_keluar` VALUES (489, 20, 3, '2025-05-24', 'Kasir', NULL, 4);
INSERT INTO `stok_keluar` VALUES (490, 27, 4, '2025-05-12', 'Kasir', NULL, 1);
INSERT INTO `stok_keluar` VALUES (491, 43, 13, '2025-05-29', 'Kasir', NULL, 1);
INSERT INTO `stok_keluar` VALUES (492, 54, 9, '2025-05-05', 'Kasir', NULL, 4);
INSERT INTO `stok_keluar` VALUES (493, 44, 7, '2025-06-08', 'Kasir', NULL, 4);
INSERT INTO `stok_keluar` VALUES (494, 28, 2, '2025-05-19', 'Kasir', NULL, 1);
INSERT INTO `stok_keluar` VALUES (495, 52, 6, '2025-06-08', 'Kasir', NULL, 1);
INSERT INTO `stok_keluar` VALUES (496, 33, 3, '2025-06-01', 'Kasir', NULL, 1);
INSERT INTO `stok_keluar` VALUES (497, 37, 8, '2025-05-28', 'Kasir', NULL, 4);
INSERT INTO `stok_keluar` VALUES (498, 53, 5, '2025-05-02', 'Kasir', NULL, 1);
INSERT INTO `stok_keluar` VALUES (499, 41, 9, '2025-05-25', 'Kasir', NULL, 1);
INSERT INTO `stok_keluar` VALUES (500, 49, 6, '2025-05-20', 'Kasir', NULL, 1);
INSERT INTO `stok_keluar` VALUES (501, 51, 7, '2025-05-23', 'Kasir', NULL, 1);
INSERT INTO `stok_keluar` VALUES (502, 37, 3, '2025-05-06', 'Kasir', NULL, 1);
INSERT INTO `stok_keluar` VALUES (503, 9, 6, '2025-05-16', 'Kasir', NULL, 4);
INSERT INTO `stok_keluar` VALUES (504, 47, 11, '2025-05-22', 'Kasir', NULL, 4);
INSERT INTO `stok_keluar` VALUES (505, 42, 7, '2025-05-25', 'Kasir', NULL, 1);
INSERT INTO `stok_keluar` VALUES (506, 33, 14, '2025-06-09', 'Kasir', NULL, 1);
INSERT INTO `stok_keluar` VALUES (507, 46, 3, '2025-06-03', 'Kasir', NULL, 1);
INSERT INTO `stok_keluar` VALUES (508, 12, 15, '2025-05-16', 'Kasir', NULL, 1);
INSERT INTO `stok_keluar` VALUES (509, 30, 8, '2025-05-14', 'Kasir', NULL, 1);
INSERT INTO `stok_keluar` VALUES (510, 40, 14, '2025-05-17', 'Kasir', NULL, 1);
INSERT INTO `stok_keluar` VALUES (511, 25, 7, '2025-05-02', 'Kasir', NULL, 4);
INSERT INTO `stok_keluar` VALUES (512, 41, 15, '2025-05-21', 'Kasir', NULL, 1);
INSERT INTO `stok_keluar` VALUES (513, 9, 12, '2025-06-12', 'Kasir', NULL, 1);
INSERT INTO `stok_keluar` VALUES (514, 49, 1, '2025-05-02', 'Kasir', NULL, 4);
INSERT INTO `stok_keluar` VALUES (515, 7, 14, '2025-05-16', 'Kasir', NULL, 4);
INSERT INTO `stok_keluar` VALUES (516, 7, 7, '2025-05-10', 'Kasir', NULL, 4);
INSERT INTO `stok_keluar` VALUES (517, 27, 6, '2025-05-18', 'Kasir', NULL, 4);
INSERT INTO `stok_keluar` VALUES (518, 23, 2, '2025-05-28', 'Kasir', NULL, 1);
INSERT INTO `stok_keluar` VALUES (519, 42, 6, '2025-05-29', 'Kasir', NULL, 1);
INSERT INTO `stok_keluar` VALUES (520, 11, 12, '2025-05-21', 'Kasir', NULL, 4);
INSERT INTO `stok_keluar` VALUES (521, 5, 14, '2025-05-02', 'Kasir', NULL, 4);
INSERT INTO `stok_keluar` VALUES (522, 50, 9, '2025-05-24', 'Kasir', NULL, 1);
INSERT INTO `stok_keluar` VALUES (523, 12, 12, '2025-05-25', 'Kasir', NULL, 1);
INSERT INTO `stok_keluar` VALUES (524, 16, 5, '2025-05-27', 'Kasir', NULL, 1);
INSERT INTO `stok_keluar` VALUES (525, 47, 3, '2025-05-25', 'Kasir', NULL, 4);
INSERT INTO `stok_keluar` VALUES (526, 6, 2, '2025-06-06', 'Kasir', NULL, 1);
INSERT INTO `stok_keluar` VALUES (527, 10, 13, '2025-05-07', 'Kasir', NULL, 4);
INSERT INTO `stok_keluar` VALUES (528, 12, 13, '2025-05-18', 'Kasir', NULL, 4);
INSERT INTO `stok_keluar` VALUES (529, 9, 10, '2025-05-10', 'Kasir', NULL, 1);
INSERT INTO `stok_keluar` VALUES (530, 43, 11, '2025-05-09', 'Kasir', NULL, 1);
INSERT INTO `stok_keluar` VALUES (531, 18, 6, '2025-06-12', 'Kasir', NULL, 4);
INSERT INTO `stok_keluar` VALUES (532, 15, 8, '2025-06-06', 'Kasir', NULL, 4);
INSERT INTO `stok_keluar` VALUES (533, 9, 9, '2025-05-30', 'Kasir', NULL, 4);
INSERT INTO `stok_keluar` VALUES (534, 33, 11, '2025-05-07', 'Kasir', NULL, 1);
INSERT INTO `stok_keluar` VALUES (535, 22, 10, '2025-06-08', 'Kasir', NULL, 4);
INSERT INTO `stok_keluar` VALUES (536, 32, 3, '2025-05-02', 'Kasir', NULL, 4);
INSERT INTO `stok_keluar` VALUES (537, 39, 10, '2025-05-09', 'Kasir', NULL, 4);
INSERT INTO `stok_keluar` VALUES (538, 32, 11, '2025-05-25', 'Kasir', NULL, 4);
INSERT INTO `stok_keluar` VALUES (539, 43, 11, '2025-05-08', 'Kasir', NULL, 4);
INSERT INTO `stok_keluar` VALUES (540, 9, 2, '2025-05-22', 'Kasir', NULL, 1);
INSERT INTO `stok_keluar` VALUES (541, 28, 0, '2025-06-11', 'Kasir', NULL, 1);
INSERT INTO `stok_keluar` VALUES (542, 20, 4, '2025-05-15', 'Kasir', NULL, 4);
INSERT INTO `stok_keluar` VALUES (543, 8, 1, '2025-06-12', 'Kasir', NULL, 1);
INSERT INTO `stok_keluar` VALUES (544, 44, 6, '2025-05-21', 'Kasir', NULL, 4);
INSERT INTO `stok_keluar` VALUES (545, 16, 15, '2025-05-25', 'Kasir', NULL, 4);
INSERT INTO `stok_keluar` VALUES (546, 54, 14, '2025-05-19', 'Kasir', NULL, 4);
INSERT INTO `stok_keluar` VALUES (547, 33, 12, '2025-06-06', 'Kasir', NULL, 4);
INSERT INTO `stok_keluar` VALUES (548, 8, 15, '2025-05-29', 'Kasir', NULL, 4);
INSERT INTO `stok_keluar` VALUES (549, 45, 9, '2025-05-09', 'Kasir', NULL, 4);
INSERT INTO `stok_keluar` VALUES (550, 20, 6, '2025-05-30', 'Kasir', NULL, 1);
INSERT INTO `stok_keluar` VALUES (551, 16, 9, '2025-06-04', 'Kasir', NULL, 1);
INSERT INTO `stok_keluar` VALUES (552, 48, 3, '2025-05-22', 'Kasir', NULL, 4);
INSERT INTO `stok_keluar` VALUES (553, 50, 4, '2025-06-05', 'Kasir', NULL, 4);
INSERT INTO `stok_keluar` VALUES (554, 18, 6, '2025-06-09', 'Kasir', NULL, 1);
INSERT INTO `stok_keluar` VALUES (555, 35, 6, '2025-05-25', 'Kasir', NULL, 4);
INSERT INTO `stok_keluar` VALUES (556, 7, 11, '2025-05-02', 'Kasir', NULL, 1);
INSERT INTO `stok_keluar` VALUES (557, 27, 4, '2025-06-14', 'Kasir', NULL, 4);
INSERT INTO `stok_keluar` VALUES (558, 20, 15, '2025-05-11', 'Kasir', NULL, 1);
INSERT INTO `stok_keluar` VALUES (559, 25, 11, '2025-05-09', 'Kasir', NULL, 1);
INSERT INTO `stok_keluar` VALUES (560, 18, 10, '2025-06-14', 'Kasir', NULL, 4);
INSERT INTO `stok_keluar` VALUES (561, 6, 2, '2025-05-01', 'Kasir', NULL, 1);
INSERT INTO `stok_keluar` VALUES (562, 24, 13, '2025-06-14', 'Kasir', NULL, 1);
INSERT INTO `stok_keluar` VALUES (563, 6, 5, '2025-06-13', 'Kasir', NULL, 4);
INSERT INTO `stok_keluar` VALUES (564, 24, 7, '2025-05-22', 'Kasir', NULL, 1);
INSERT INTO `stok_keluar` VALUES (565, 25, 7, '2025-06-13', 'Kasir', NULL, 4);
INSERT INTO `stok_keluar` VALUES (566, 32, 3, '2025-05-01', 'Kasir', NULL, 4);
INSERT INTO `stok_keluar` VALUES (567, 15, 7, '2025-05-21', 'Kasir', NULL, 4);
INSERT INTO `stok_keluar` VALUES (568, 21, 10, '2025-05-22', 'Kasir', NULL, 4);
INSERT INTO `stok_keluar` VALUES (569, 46, 14, '2025-05-14', 'Kasir', NULL, 4);
INSERT INTO `stok_keluar` VALUES (570, 38, 8, '2025-05-02', 'Kasir', NULL, 4);
INSERT INTO `stok_keluar` VALUES (571, 22, 12, '2025-05-02', 'Kasir', NULL, 1);
INSERT INTO `stok_keluar` VALUES (572, 13, 13, '2025-05-04', 'Kasir', NULL, 1);
INSERT INTO `stok_keluar` VALUES (573, 48, 11, '2025-05-24', 'Kasir', NULL, 4);
INSERT INTO `stok_keluar` VALUES (574, 18, 6, '2025-05-22', 'Kasir', NULL, 1);
INSERT INTO `stok_keluar` VALUES (575, 53, 0, '2025-05-17', 'Kasir', NULL, 1);
INSERT INTO `stok_keluar` VALUES (576, 20, 6, '2025-05-06', 'Kasir', NULL, 4);
INSERT INTO `stok_keluar` VALUES (577, 53, 2, '2025-05-28', 'Kasir', NULL, 4);
INSERT INTO `stok_keluar` VALUES (578, 7, 0, '2025-06-07', 'Kasir', NULL, 1);
INSERT INTO `stok_keluar` VALUES (579, 41, 3, '2025-05-06', 'Kasir', NULL, 1);
INSERT INTO `stok_keluar` VALUES (580, 5, 4, '2025-06-07', 'Kasir', NULL, 4);
INSERT INTO `stok_keluar` VALUES (581, 18, 15, '2025-06-11', 'Kasir', NULL, 4);
INSERT INTO `stok_keluar` VALUES (582, 47, 14, '2025-06-13', 'Kasir', NULL, 1);
INSERT INTO `stok_keluar` VALUES (583, 12, 15, '2025-05-31', 'Kasir', NULL, 4);
INSERT INTO `stok_keluar` VALUES (584, 52, 7, '2025-05-17', 'Kasir', NULL, 4);
INSERT INTO `stok_keluar` VALUES (585, 27, 10, '2025-05-30', 'Kasir', NULL, 1);
INSERT INTO `stok_keluar` VALUES (586, 52, 12, '2025-05-20', 'Kasir', NULL, 1);
INSERT INTO `stok_keluar` VALUES (587, 39, 3, '2025-05-06', 'Kasir', NULL, 4);
INSERT INTO `stok_keluar` VALUES (588, 53, 1, '2025-05-18', 'Kasir', NULL, 4);
INSERT INTO `stok_keluar` VALUES (589, 16, 10, '2025-05-22', 'Kasir', NULL, 4);
INSERT INTO `stok_keluar` VALUES (590, 30, 12, '2025-05-29', 'Kasir', NULL, 1);
INSERT INTO `stok_keluar` VALUES (591, 5, 2, '2025-06-02', 'Kasir', NULL, 4);
INSERT INTO `stok_keluar` VALUES (592, 24, 5, '2025-05-29', 'Kasir', NULL, 1);
INSERT INTO `stok_keluar` VALUES (593, 15, 13, '2025-05-27', 'Kasir', NULL, 1);
INSERT INTO `stok_keluar` VALUES (594, 44, 12, '2025-05-01', 'Kasir', NULL, 1);
INSERT INTO `stok_keluar` VALUES (595, 54, 4, '2025-06-06', 'Kasir', NULL, 4);
INSERT INTO `stok_keluar` VALUES (596, 37, 8, '2025-05-13', 'Kasir', NULL, 1);
INSERT INTO `stok_keluar` VALUES (597, 28, 3, '2025-05-03', 'Kasir', NULL, 4);
INSERT INTO `stok_keluar` VALUES (598, 35, 10, '2025-05-23', 'Kasir', NULL, 4);
INSERT INTO `stok_keluar` VALUES (599, 15, 7, '2025-05-16', 'Kasir', NULL, 1);
INSERT INTO `stok_keluar` VALUES (600, 14, 7, '2025-05-19', 'Kasir', NULL, 4);
INSERT INTO `stok_keluar` VALUES (601, 54, 12, '2025-06-03', 'Kasir', NULL, 4);
INSERT INTO `stok_keluar` VALUES (602, 42, 12, '2025-05-09', 'Kasir', NULL, 4);
INSERT INTO `stok_keluar` VALUES (603, 19, 12, '2025-06-10', 'Kasir', NULL, 4);
INSERT INTO `stok_keluar` VALUES (604, 16, 10, '2025-05-17', 'Kasir', NULL, 1);
INSERT INTO `stok_keluar` VALUES (605, 52, 0, '2025-05-16', 'Kasir', NULL, 4);
INSERT INTO `stok_keluar` VALUES (606, 14, 8, '2025-05-02', 'Kasir', NULL, 4);
INSERT INTO `stok_keluar` VALUES (607, 29, 10, '2025-05-21', 'Kasir', NULL, 4);
INSERT INTO `stok_keluar` VALUES (608, 18, 10, '2025-05-26', 'Kasir', NULL, 4);
INSERT INTO `stok_keluar` VALUES (609, 27, 2, '2025-05-17', 'Kasir', NULL, 4);
INSERT INTO `stok_keluar` VALUES (610, 29, 12, '2025-06-12', 'Kasir', NULL, 4);
INSERT INTO `stok_keluar` VALUES (611, 7, 3, '2025-05-24', 'Kasir', NULL, 4);
INSERT INTO `stok_keluar` VALUES (612, 51, 7, '2025-05-31', 'Kasir', NULL, 4);
INSERT INTO `stok_keluar` VALUES (613, 13, 2, '2025-05-06', 'Kasir', NULL, 1);
INSERT INTO `stok_keluar` VALUES (614, 47, 13, '2025-06-08', 'Kasir', NULL, 1);
INSERT INTO `stok_keluar` VALUES (615, 26, 14, '2025-05-25', 'Kasir', NULL, 1);
INSERT INTO `stok_keluar` VALUES (616, 26, 5, '2025-06-08', 'Kasir', NULL, 4);
INSERT INTO `stok_keluar` VALUES (617, 8, 9, '2025-05-08', 'Kasir', NULL, 4);
INSERT INTO `stok_keluar` VALUES (618, 53, 4, '2025-06-07', 'Kasir', NULL, 4);
INSERT INTO `stok_keluar` VALUES (619, 24, 12, '2025-05-12', 'Kasir', NULL, 4);
INSERT INTO `stok_keluar` VALUES (620, 53, 2, '2025-05-24', 'Kasir', NULL, 4);
INSERT INTO `stok_keluar` VALUES (621, 22, 8, '2025-05-13', 'Kasir', NULL, 1);
INSERT INTO `stok_keluar` VALUES (622, 16, 3, '2025-05-09', 'Kasir', NULL, 4);
INSERT INTO `stok_keluar` VALUES (623, 27, 2, '2025-06-01', 'Kasir', NULL, 4);
INSERT INTO `stok_keluar` VALUES (624, 5, 8, '2025-05-14', 'Kasir', NULL, 4);
INSERT INTO `stok_keluar` VALUES (625, 35, 14, '2025-05-12', 'Kasir', NULL, 4);
INSERT INTO `stok_keluar` VALUES (626, 15, 10, '2025-05-21', 'Kasir', NULL, 1);
INSERT INTO `stok_keluar` VALUES (627, 48, 10, '2025-06-09', 'Kasir', NULL, 4);
INSERT INTO `stok_keluar` VALUES (628, 12, 5, '2025-05-22', 'Kasir', NULL, 4);
INSERT INTO `stok_keluar` VALUES (629, 51, 3, '2025-06-06', 'Kasir', NULL, 4);
INSERT INTO `stok_keluar` VALUES (630, 47, 11, '2025-05-27', 'Kasir', NULL, 1);
INSERT INTO `stok_keluar` VALUES (631, 7, 11, '2025-06-02', 'Kasir', NULL, 4);
INSERT INTO `stok_keluar` VALUES (632, 8, 3, '2025-05-22', 'Kasir', NULL, 4);
INSERT INTO `stok_keluar` VALUES (633, 8, 10, '2025-06-14', 'Kasir', NULL, 1);
INSERT INTO `stok_keluar` VALUES (634, 44, 1, '2025-05-10', 'Kasir', NULL, 1);
INSERT INTO `stok_keluar` VALUES (635, 9, 3, '2025-05-02', 'Kasir', NULL, 1);
INSERT INTO `stok_keluar` VALUES (636, 34, 8, '2025-05-10', 'Kasir', NULL, 4);
INSERT INTO `stok_keluar` VALUES (637, 41, 2, '2025-05-25', 'Kasir', NULL, 4);
INSERT INTO `stok_keluar` VALUES (638, 48, 4, '2025-05-12', 'Kasir', NULL, 4);
INSERT INTO `stok_keluar` VALUES (639, 49, 9, '2025-06-02', 'Kasir', NULL, 4);
INSERT INTO `stok_keluar` VALUES (640, 6, 2, '2025-06-14', 'Kasir', NULL, 1);
INSERT INTO `stok_keluar` VALUES (641, 54, 1, '2025-05-07', 'Kasir', NULL, 1);
INSERT INTO `stok_keluar` VALUES (642, 54, 12, '2025-05-02', 'Kasir', NULL, 1);
INSERT INTO `stok_keluar` VALUES (643, 39, 8, '2025-06-10', 'Kasir', NULL, 4);
INSERT INTO `stok_keluar` VALUES (644, 8, 15, '2025-06-10', 'Kasir', NULL, 4);
INSERT INTO `stok_keluar` VALUES (645, 31, 12, '2025-05-18', 'Kasir', NULL, 4);
INSERT INTO `stok_keluar` VALUES (646, 46, 12, '2025-05-16', 'Kasir', NULL, 4);
INSERT INTO `stok_keluar` VALUES (647, 44, 4, '2025-05-04', 'Kasir', NULL, 4);
INSERT INTO `stok_keluar` VALUES (648, 39, 13, '2025-05-07', 'Kasir', NULL, 1);
INSERT INTO `stok_keluar` VALUES (649, 8, 6, '2025-05-16', 'Kasir', NULL, 1);
INSERT INTO `stok_keluar` VALUES (650, 38, 5, '2025-05-23', 'Kasir', NULL, 1);
INSERT INTO `stok_keluar` VALUES (651, 38, 3, '2025-05-17', 'Kasir', NULL, 1);
INSERT INTO `stok_keluar` VALUES (652, 35, 8, '2025-05-18', 'Kasir', NULL, 4);
INSERT INTO `stok_keluar` VALUES (653, 6, 13, '2025-05-07', 'Kasir', NULL, 1);
INSERT INTO `stok_keluar` VALUES (654, 22, 7, '2025-05-19', 'Kasir', NULL, 1);
INSERT INTO `stok_keluar` VALUES (655, 52, 5, '2025-05-26', 'Kasir', NULL, 4);
INSERT INTO `stok_keluar` VALUES (656, 20, 11, '2025-05-20', 'Kasir', NULL, 4);
INSERT INTO `stok_keluar` VALUES (657, 45, 12, '2025-05-26', 'Kasir', NULL, 1);
INSERT INTO `stok_keluar` VALUES (658, 52, 8, '2025-05-23', 'Kasir', NULL, 4);
INSERT INTO `stok_keluar` VALUES (659, 53, 3, '2025-05-23', 'Kasir', NULL, 1);
INSERT INTO `stok_keluar` VALUES (660, 32, 12, '2025-05-09', 'Kasir', NULL, 1);
INSERT INTO `stok_keluar` VALUES (661, 52, 10, '2025-05-11', 'Kasir', NULL, 1);
INSERT INTO `stok_keluar` VALUES (662, 20, 13, '2025-05-26', 'Kasir', NULL, 1);
INSERT INTO `stok_keluar` VALUES (663, 12, 5, '2025-05-17', 'Kasir', NULL, 4);
INSERT INTO `stok_keluar` VALUES (664, 48, 8, '2025-06-02', 'Kasir', NULL, 1);
INSERT INTO `stok_keluar` VALUES (665, 10, 14, '2025-06-01', 'Kasir', NULL, 1);
INSERT INTO `stok_keluar` VALUES (666, 53, 12, '2025-05-30', 'Kasir', NULL, 1);
INSERT INTO `stok_keluar` VALUES (667, 11, 1, '2025-05-07', 'Kasir', NULL, 4);
INSERT INTO `stok_keluar` VALUES (668, 40, 3, '2025-06-10', 'Kasir', NULL, 1);
INSERT INTO `stok_keluar` VALUES (669, 36, 10, '2025-05-09', 'Kasir', NULL, 4);
INSERT INTO `stok_keluar` VALUES (670, 32, 12, '2025-05-09', 'Kasir', NULL, 4);
INSERT INTO `stok_keluar` VALUES (671, 39, 14, '2025-06-08', 'Kasir', NULL, 1);
INSERT INTO `stok_keluar` VALUES (672, 34, 10, '2025-05-30', 'Kasir', NULL, 1);
INSERT INTO `stok_keluar` VALUES (673, 45, 2, '2025-05-14', 'Kasir', NULL, 4);
INSERT INTO `stok_keluar` VALUES (674, 23, 8, '2025-06-01', 'Kasir', NULL, 4);
INSERT INTO `stok_keluar` VALUES (675, 8, 10, '2025-05-01', 'Kasir', NULL, 1);
INSERT INTO `stok_keluar` VALUES (676, 15, 1, '2025-05-12', 'Kasir', NULL, 4);
INSERT INTO `stok_keluar` VALUES (677, 40, 1, '2025-05-04', 'Kasir', NULL, 1);
INSERT INTO `stok_keluar` VALUES (678, 23, 13, '2025-05-31', 'Kasir', NULL, 1);
INSERT INTO `stok_keluar` VALUES (679, 51, 15, '2025-06-04', 'Kasir', NULL, 4);
INSERT INTO `stok_keluar` VALUES (680, 37, 8, '2025-05-19', 'Kasir', NULL, 1);
INSERT INTO `stok_keluar` VALUES (681, 51, 15, '2025-06-05', 'Kasir', NULL, 1);
INSERT INTO `stok_keluar` VALUES (682, 18, 10, '2025-06-11', 'Kasir', NULL, 4);
INSERT INTO `stok_keluar` VALUES (683, 5, 2, '2025-05-14', 'Kasir', NULL, 1);
INSERT INTO `stok_keluar` VALUES (684, 19, 11, '2025-06-12', 'Kasir', NULL, 1);
INSERT INTO `stok_keluar` VALUES (685, 39, 8, '2025-05-18', 'Kasir', NULL, 1);
INSERT INTO `stok_keluar` VALUES (686, 10, 1, '2025-05-12', 'Kasir', NULL, 4);
INSERT INTO `stok_keluar` VALUES (687, 18, 2, '2025-05-03', 'Kasir', NULL, 4);
INSERT INTO `stok_keluar` VALUES (688, 37, 1, '2025-06-04', 'Kasir', NULL, 4);
INSERT INTO `stok_keluar` VALUES (689, 17, 13, '2025-05-29', 'Kasir', NULL, 4);
INSERT INTO `stok_keluar` VALUES (690, 38, 6, '2025-05-31', 'Kasir', NULL, 1);
INSERT INTO `stok_keluar` VALUES (691, 8, 8, '2025-05-17', 'Kasir', NULL, 4);
INSERT INTO `stok_keluar` VALUES (692, 21, 3, '2025-06-04', 'Kasir', NULL, 1);
INSERT INTO `stok_keluar` VALUES (693, 34, 10, '2025-05-16', 'Kasir', NULL, 4);
INSERT INTO `stok_keluar` VALUES (694, 26, 10, '2025-05-14', 'Kasir', NULL, 4);
INSERT INTO `stok_keluar` VALUES (695, 53, 4, '2025-06-08', 'Kasir', NULL, 4);
INSERT INTO `stok_keluar` VALUES (696, 21, 3, '2025-05-18', 'Kasir', NULL, 1);
INSERT INTO `stok_keluar` VALUES (697, 29, 1, '2025-05-16', 'Kasir', NULL, 4);
INSERT INTO `stok_keluar` VALUES (698, 12, 10, '2025-05-08', 'Kasir', NULL, 4);
INSERT INTO `stok_keluar` VALUES (699, 43, 12, '2025-06-09', 'Kasir', NULL, 4);
INSERT INTO `stok_keluar` VALUES (700, 54, 0, '2025-05-19', 'Kasir', NULL, 1);
INSERT INTO `stok_keluar` VALUES (701, 14, 8, '2025-05-25', 'Kasir', NULL, 4);
INSERT INTO `stok_keluar` VALUES (702, 19, 7, '2025-05-08', 'Kasir', NULL, 1);
INSERT INTO `stok_keluar` VALUES (703, 24, 3, '2025-06-08', 'Kasir', NULL, 4);
INSERT INTO `stok_keluar` VALUES (704, 51, 10, '2025-05-09', 'Kasir', NULL, 1);
INSERT INTO `stok_keluar` VALUES (705, 42, 0, '2025-06-08', 'Kasir', NULL, 4);
INSERT INTO `stok_keluar` VALUES (706, 10, 1, '2025-05-19', 'Kasir', NULL, 4);
INSERT INTO `stok_keluar` VALUES (707, 49, 10, '2025-06-03', 'Kasir', NULL, 4);
INSERT INTO `stok_keluar` VALUES (708, 16, 8, '2025-05-04', 'Kasir', NULL, 1);
INSERT INTO `stok_keluar` VALUES (709, 29, 8, '2025-06-06', 'Kasir', NULL, 1);
INSERT INTO `stok_keluar` VALUES (710, 22, 6, '2025-05-21', 'Kasir', NULL, 1);
INSERT INTO `stok_keluar` VALUES (711, 27, 6, '2025-05-13', 'Kasir', NULL, 1);
INSERT INTO `stok_keluar` VALUES (712, 17, 5, '2025-06-13', 'Kasir', NULL, 1);
INSERT INTO `stok_keluar` VALUES (713, 50, 12, '2025-05-22', 'Kasir', NULL, 4);
INSERT INTO `stok_keluar` VALUES (714, 20, 14, '2025-06-08', 'Kasir', NULL, 4);
INSERT INTO `stok_keluar` VALUES (715, 46, 13, '2025-05-27', 'Kasir', NULL, 4);
INSERT INTO `stok_keluar` VALUES (716, 27, 4, '2025-05-21', 'Kasir', NULL, 4);
INSERT INTO `stok_keluar` VALUES (717, 19, 8, '2025-05-14', 'Kasir', NULL, 4);
INSERT INTO `stok_keluar` VALUES (718, 14, 5, '2025-05-10', 'Kasir', NULL, 4);
INSERT INTO `stok_keluar` VALUES (719, 47, 14, '2025-05-31', 'Kasir', NULL, 4);
INSERT INTO `stok_keluar` VALUES (720, 5, 14, '2025-06-05', 'Kasir', NULL, 1);
INSERT INTO `stok_keluar` VALUES (721, 44, 4, '2025-06-09', 'Kasir', NULL, 1);
INSERT INTO `stok_keluar` VALUES (722, 33, 1, '2025-05-30', 'Kasir', NULL, 1);
INSERT INTO `stok_keluar` VALUES (723, 23, 1, '2025-05-25', 'Kasir', NULL, 4);
INSERT INTO `stok_keluar` VALUES (724, 41, 15, '2025-06-06', 'Kasir', NULL, 1);
INSERT INTO `stok_keluar` VALUES (725, 11, 15, '2025-05-02', 'Kasir', NULL, 1);
INSERT INTO `stok_keluar` VALUES (726, 18, 8, '2025-06-05', 'Kasir', NULL, 1);
INSERT INTO `stok_keluar` VALUES (727, 7, 7, '2025-06-10', 'Kasir', NULL, 4);
INSERT INTO `stok_keluar` VALUES (728, 41, 2, '2025-05-09', 'Kasir', NULL, 1);
INSERT INTO `stok_keluar` VALUES (729, 38, 3, '2025-05-21', 'Kasir', NULL, 1);
INSERT INTO `stok_keluar` VALUES (730, 17, 13, '2025-05-03', 'Kasir', NULL, 1);
INSERT INTO `stok_keluar` VALUES (731, 44, 14, '2025-05-01', 'Kasir', NULL, 1);
INSERT INTO `stok_keluar` VALUES (732, 31, 15, '2025-06-12', 'Kasir', NULL, 4);
INSERT INTO `stok_keluar` VALUES (733, 6, 14, '2025-05-06', 'Kasir', NULL, 1);
INSERT INTO `stok_keluar` VALUES (734, 13, 1, '2025-06-13', 'Kasir', NULL, 1);
INSERT INTO `stok_keluar` VALUES (735, 33, 12, '2025-06-01', 'Kasir', NULL, 1);
INSERT INTO `stok_keluar` VALUES (736, 17, 4, '2025-05-29', 'Kasir', NULL, 1);
INSERT INTO `stok_keluar` VALUES (737, 6, 4, '2025-05-21', 'Kasir', NULL, 4);
INSERT INTO `stok_keluar` VALUES (738, 28, 3, '2025-05-10', 'Kasir', NULL, 4);
INSERT INTO `stok_keluar` VALUES (739, 18, 6, '2025-05-09', 'Kasir', NULL, 4);
INSERT INTO `stok_keluar` VALUES (740, 38, 14, '2025-06-01', 'Kasir', NULL, 4);
INSERT INTO `stok_keluar` VALUES (741, 6, 9, '2025-05-17', 'Kasir', NULL, 4);
INSERT INTO `stok_keluar` VALUES (742, 9, 15, '2025-05-21', 'Kasir', NULL, 1);
INSERT INTO `stok_keluar` VALUES (743, 46, 9, '2025-05-17', 'Kasir', NULL, 1);
INSERT INTO `stok_keluar` VALUES (744, 22, 6, '2025-05-14', 'Kasir', NULL, 1);
INSERT INTO `stok_keluar` VALUES (745, 37, 11, '2025-05-11', 'Kasir', NULL, 1);
INSERT INTO `stok_keluar` VALUES (746, 52, 1, '2025-05-05', 'Kasir', NULL, 4);
INSERT INTO `stok_keluar` VALUES (747, 7, 1, '2025-05-27', 'Kasir', NULL, 1);
INSERT INTO `stok_keluar` VALUES (748, 32, 6, '2025-06-12', 'Kasir', NULL, 1);
INSERT INTO `stok_keluar` VALUES (749, 34, 8, '2025-05-24', 'Kasir', NULL, 4);
INSERT INTO `stok_keluar` VALUES (750, 52, 1, '2025-05-10', 'Kasir', NULL, 1);
INSERT INTO `stok_keluar` VALUES (751, 35, 9, '2025-05-13', 'Kasir', NULL, 1);
INSERT INTO `stok_keluar` VALUES (752, 49, 12, '2025-05-13', 'Kasir', NULL, 4);
INSERT INTO `stok_keluar` VALUES (753, 52, 4, '2025-05-29', 'Kasir', NULL, 4);
INSERT INTO `stok_keluar` VALUES (754, 24, 5, '2025-05-21', 'Kasir', NULL, 4);
INSERT INTO `stok_keluar` VALUES (755, 49, 5, '2025-05-02', 'Kasir', NULL, 4);
INSERT INTO `stok_keluar` VALUES (756, 35, 6, '2025-06-04', 'Kasir', NULL, 4);
INSERT INTO `stok_keluar` VALUES (757, 11, 0, '2025-06-14', 'Kasir', NULL, 4);
INSERT INTO `stok_keluar` VALUES (758, 39, 5, '2025-05-17', 'Kasir', NULL, 4);
INSERT INTO `stok_keluar` VALUES (759, 12, 3, '2025-05-27', 'Kasir', NULL, 4);
INSERT INTO `stok_keluar` VALUES (760, 41, 2, '2025-06-04', 'Kasir', NULL, 4);
INSERT INTO `stok_keluar` VALUES (761, 19, 12, '2025-05-21', 'Kasir', NULL, 4);
INSERT INTO `stok_keluar` VALUES (762, 19, 6, '2025-05-20', 'Kasir', NULL, 1);
INSERT INTO `stok_keluar` VALUES (763, 41, 9, '2025-05-19', 'Kasir', NULL, 4);
INSERT INTO `stok_keluar` VALUES (764, 47, 9, '2025-06-07', 'Kasir', NULL, 4);
INSERT INTO `stok_keluar` VALUES (765, 51, 10, '2025-05-22', 'Kasir', NULL, 4);
INSERT INTO `stok_keluar` VALUES (766, 29, 9, '2025-05-10', 'Kasir', NULL, 4);
INSERT INTO `stok_keluar` VALUES (767, 49, 7, '2025-06-10', 'Kasir', NULL, 1);
INSERT INTO `stok_keluar` VALUES (768, 6, 0, '2025-05-14', 'Kasir', NULL, 4);
INSERT INTO `stok_keluar` VALUES (769, 46, 12, '2025-06-13', 'Kasir', NULL, 4);
INSERT INTO `stok_keluar` VALUES (770, 24, 11, '2025-06-06', 'Kasir', NULL, 1);
INSERT INTO `stok_keluar` VALUES (771, 10, 2, '2025-06-06', 'Kasir', NULL, 4);
INSERT INTO `stok_keluar` VALUES (772, 21, 12, '2025-05-31', 'Kasir', NULL, 1);
INSERT INTO `stok_keluar` VALUES (773, 20, 13, '2025-06-10', 'Kasir', NULL, 4);
INSERT INTO `stok_keluar` VALUES (774, 33, 8, '2025-05-18', 'Kasir', NULL, 1);
INSERT INTO `stok_keluar` VALUES (775, 10, 8, '2025-05-31', 'Kasir', NULL, 1);
INSERT INTO `stok_keluar` VALUES (776, 19, 11, '2025-05-07', 'Kasir', NULL, 4);
INSERT INTO `stok_keluar` VALUES (777, 13, 10, '2025-06-05', 'Kasir', NULL, 4);
INSERT INTO `stok_keluar` VALUES (778, 7, 13, '2025-05-27', 'Kasir', NULL, 1);
INSERT INTO `stok_keluar` VALUES (779, 31, 4, '2025-06-02', 'Kasir', NULL, 4);
INSERT INTO `stok_keluar` VALUES (780, 48, 5, '2025-05-28', 'Kasir', NULL, 4);
INSERT INTO `stok_keluar` VALUES (781, 51, 6, '2025-05-21', 'Kasir', NULL, 1);
INSERT INTO `stok_keluar` VALUES (782, 12, 12, '2025-05-30', 'Kasir', NULL, 1);
INSERT INTO `stok_keluar` VALUES (783, 8, 8, '2025-05-19', 'Kasir', NULL, 4);
INSERT INTO `stok_keluar` VALUES (784, 28, 4, '2025-05-17', 'Kasir', NULL, 1);
INSERT INTO `stok_keluar` VALUES (785, 26, 12, '2025-05-14', 'Kasir', NULL, 1);
INSERT INTO `stok_keluar` VALUES (786, 51, 7, '2025-06-04', 'Kasir', NULL, 4);
INSERT INTO `stok_keluar` VALUES (787, 31, 6, '2025-06-09', 'Kasir', NULL, 1);
INSERT INTO `stok_keluar` VALUES (788, 35, 2, '2025-05-27', 'Kasir', NULL, 1);
INSERT INTO `stok_keluar` VALUES (789, 22, 6, '2025-05-10', 'Kasir', NULL, 4);
INSERT INTO `stok_keluar` VALUES (790, 54, 10, '2025-05-28', 'Kasir', NULL, 1);
INSERT INTO `stok_keluar` VALUES (791, 32, 15, '2025-06-11', 'Kasir', NULL, 4);
INSERT INTO `stok_keluar` VALUES (792, 45, 7, '2025-06-03', 'Kasir', NULL, 1);
INSERT INTO `stok_keluar` VALUES (793, 29, 5, '2025-05-13', 'Kasir', NULL, 1);
INSERT INTO `stok_keluar` VALUES (794, 25, 15, '2025-06-05', 'Kasir', NULL, 1);
INSERT INTO `stok_keluar` VALUES (795, 39, 6, '2025-05-11', 'Kasir', NULL, 1);
INSERT INTO `stok_keluar` VALUES (796, 20, 7, '2025-05-21', 'Kasir', NULL, 1);
INSERT INTO `stok_keluar` VALUES (797, 7, 10, '2025-05-02', 'Kasir', NULL, 4);
INSERT INTO `stok_keluar` VALUES (798, 19, 2, '2025-06-12', 'Kasir', NULL, 1);
INSERT INTO `stok_keluar` VALUES (799, 5, 14, '2025-05-16', 'Kasir', NULL, 4);
INSERT INTO `stok_keluar` VALUES (800, 31, 3, '2025-05-07', 'Kasir', NULL, 4);
INSERT INTO `stok_keluar` VALUES (801, 42, 11, '2025-05-01', 'Kasir', NULL, 1);
INSERT INTO `stok_keluar` VALUES (802, 43, 9, '2025-06-02', 'Kasir', NULL, 1);
INSERT INTO `stok_keluar` VALUES (803, 26, 11, '2025-05-24', 'Kasir', NULL, 1);
INSERT INTO `stok_keluar` VALUES (804, 39, 7, '2025-06-09', 'Kasir', NULL, 1);
INSERT INTO `stok_keluar` VALUES (805, 45, 14, '2025-05-11', 'Kasir', NULL, 4);
INSERT INTO `stok_keluar` VALUES (806, 14, 9, '2025-05-20', 'Kasir', NULL, 1);
INSERT INTO `stok_keluar` VALUES (807, 6, 12, '2025-06-14', 'Kasir', NULL, 4);
INSERT INTO `stok_keluar` VALUES (808, 25, 8, '2025-05-06', 'Kasir', NULL, 1);
INSERT INTO `stok_keluar` VALUES (809, 38, 11, '2025-05-19', 'Kasir', NULL, 1);
INSERT INTO `stok_keluar` VALUES (810, 21, 11, '2025-06-14', 'Kasir', NULL, 4);
INSERT INTO `stok_keluar` VALUES (811, 14, 14, '2025-05-23', 'Kasir', NULL, 1);
INSERT INTO `stok_keluar` VALUES (812, 40, 6, '2025-05-26', 'Kasir', NULL, 4);
INSERT INTO `stok_keluar` VALUES (813, 19, 0, '2025-06-13', 'Kasir', NULL, 4);
INSERT INTO `stok_keluar` VALUES (814, 29, 11, '2025-05-05', 'Kasir', NULL, 4);
INSERT INTO `stok_keluar` VALUES (815, 24, 5, '2025-05-16', 'Kasir', NULL, 1);
INSERT INTO `stok_keluar` VALUES (816, 12, 7, '2025-05-03', 'Kasir', NULL, 4);
INSERT INTO `stok_keluar` VALUES (817, 23, 1, '2025-06-06', 'Kasir', NULL, 1);
INSERT INTO `stok_keluar` VALUES (818, 22, 4, '2025-06-14', 'Kasir', NULL, 4);
INSERT INTO `stok_keluar` VALUES (819, 8, 6, '2025-05-21', 'Kasir', NULL, 1);
INSERT INTO `stok_keluar` VALUES (820, 6, 1, '2025-06-11', 'Kasir', NULL, 1);
INSERT INTO `stok_keluar` VALUES (821, 23, 9, '2025-05-16', 'Kasir', NULL, 4);
INSERT INTO `stok_keluar` VALUES (822, 47, 6, '2025-05-11', 'Kasir', NULL, 1);
INSERT INTO `stok_keluar` VALUES (823, 17, 11, '2025-05-12', 'Kasir', NULL, 1);
INSERT INTO `stok_keluar` VALUES (824, 10, 10, '2025-05-01', 'Kasir', NULL, 4);
INSERT INTO `stok_keluar` VALUES (825, 36, 8, '2025-05-27', 'Kasir', NULL, 1);
INSERT INTO `stok_keluar` VALUES (826, 47, 8, '2025-05-02', 'Kasir', NULL, 4);
INSERT INTO `stok_keluar` VALUES (827, 38, 10, '2025-05-11', 'Kasir', NULL, 4);
INSERT INTO `stok_keluar` VALUES (828, 25, 14, '2025-05-23', 'Kasir', NULL, 1);
INSERT INTO `stok_keluar` VALUES (829, 24, 3, '2025-06-11', 'Kasir', NULL, 1);
INSERT INTO `stok_keluar` VALUES (830, 45, 12, '2025-05-14', 'Kasir', NULL, 4);
INSERT INTO `stok_keluar` VALUES (831, 46, 0, '2025-05-03', 'Kasir', NULL, 4);
INSERT INTO `stok_keluar` VALUES (832, 25, 12, '2025-06-09', 'Kasir', NULL, 4);
INSERT INTO `stok_keluar` VALUES (833, 21, 6, '2025-05-22', 'Kasir', NULL, 4);
INSERT INTO `stok_keluar` VALUES (834, 22, 4, '2025-05-06', 'Kasir', NULL, 4);
INSERT INTO `stok_keluar` VALUES (835, 42, 13, '2025-06-09', 'Kasir', NULL, 4);
INSERT INTO `stok_keluar` VALUES (836, 29, 3, '2025-05-29', 'Kasir', NULL, 1);
INSERT INTO `stok_keluar` VALUES (837, 44, 0, '2025-06-08', 'Kasir', NULL, 1);
INSERT INTO `stok_keluar` VALUES (838, 42, 0, '2025-06-06', 'Kasir', NULL, 4);
INSERT INTO `stok_keluar` VALUES (839, 6, 9, '2025-05-17', 'Kasir', NULL, 4);
INSERT INTO `stok_keluar` VALUES (840, 5, 10, '2025-05-03', 'Kasir', NULL, 4);
INSERT INTO `stok_keluar` VALUES (841, 41, 3, '2025-05-08', 'Kasir', NULL, 4);
INSERT INTO `stok_keluar` VALUES (842, 15, 8, '2025-05-31', 'Kasir', NULL, 4);
INSERT INTO `stok_keluar` VALUES (843, 13, 2, '2025-05-06', 'Kasir', NULL, 4);
INSERT INTO `stok_keluar` VALUES (844, 38, 14, '2025-05-01', 'Kasir', NULL, 1);
INSERT INTO `stok_keluar` VALUES (845, 53, 4, '2025-06-14', 'Kasir', NULL, 1);
INSERT INTO `stok_keluar` VALUES (846, 28, 13, '2025-06-07', 'Kasir', NULL, 1);
INSERT INTO `stok_keluar` VALUES (847, 40, 11, '2025-06-04', 'Kasir', NULL, 1);
INSERT INTO `stok_keluar` VALUES (848, 43, 9, '2025-05-12', 'Kasir', NULL, 1);
INSERT INTO `stok_keluar` VALUES (849, 10, 10, '2025-06-14', 'Kasir', NULL, 4);
INSERT INTO `stok_keluar` VALUES (850, 8, 4, '2025-06-05', 'Kasir', NULL, 1);
INSERT INTO `stok_keluar` VALUES (851, 47, 14, '2025-05-10', 'Kasir', NULL, 1);
INSERT INTO `stok_keluar` VALUES (852, 7, 3, '2025-05-16', 'Kasir', NULL, 1);
INSERT INTO `stok_keluar` VALUES (853, 36, 11, '2025-05-17', 'Kasir', NULL, 4);
INSERT INTO `stok_keluar` VALUES (854, 10, 4, '2025-05-26', 'Kasir', NULL, 1);
INSERT INTO `stok_keluar` VALUES (855, 37, 2, '2025-05-08', 'Kasir', NULL, 1);
INSERT INTO `stok_keluar` VALUES (856, 12, 6, '2025-06-06', 'Kasir', NULL, 1);
INSERT INTO `stok_keluar` VALUES (857, 32, 3, '2025-05-20', 'Kasir', NULL, 4);
INSERT INTO `stok_keluar` VALUES (858, 29, 15, '2025-05-05', 'Kasir', NULL, 1);
INSERT INTO `stok_keluar` VALUES (859, 9, 1, '2025-06-10', 'Kasir', NULL, 4);
INSERT INTO `stok_keluar` VALUES (860, 6, 5, '2025-05-01', 'Kasir', NULL, 4);
INSERT INTO `stok_keluar` VALUES (861, 12, 3, '2025-05-27', 'Kasir', NULL, 1);
INSERT INTO `stok_keluar` VALUES (862, 25, 6, '2025-05-17', 'Kasir', NULL, 1);
INSERT INTO `stok_keluar` VALUES (863, 52, 13, '2025-05-28', 'Kasir', NULL, 4);
INSERT INTO `stok_keluar` VALUES (864, 40, 5, '2025-06-02', 'Kasir', NULL, 4);
INSERT INTO `stok_keluar` VALUES (865, 50, 9, '2025-05-12', 'Kasir', NULL, 4);
INSERT INTO `stok_keluar` VALUES (866, 40, 14, '2025-05-14', 'Kasir', NULL, 1);
INSERT INTO `stok_keluar` VALUES (867, 35, 13, '2025-05-14', 'Kasir', NULL, 4);
INSERT INTO `stok_keluar` VALUES (868, 18, 7, '2025-05-09', 'Kasir', NULL, 1);
INSERT INTO `stok_keluar` VALUES (869, 16, 2, '2025-05-27', 'Kasir', NULL, 1);
INSERT INTO `stok_keluar` VALUES (870, 25, 6, '2025-05-08', 'Kasir', NULL, 4);
INSERT INTO `stok_keluar` VALUES (871, 12, 1, '2025-05-16', 'Kasir', NULL, 1);
INSERT INTO `stok_keluar` VALUES (872, 10, 11, '2025-05-04', 'Kasir', NULL, 1);
INSERT INTO `stok_keluar` VALUES (873, 49, 15, '2025-06-07', 'Kasir', NULL, 4);
INSERT INTO `stok_keluar` VALUES (874, 5, 10, '2025-05-28', 'Kasir', NULL, 4);
INSERT INTO `stok_keluar` VALUES (875, 16, 10, '2025-06-01', 'Kasir', NULL, 4);
INSERT INTO `stok_keluar` VALUES (876, 42, 8, '2025-05-24', 'Kasir', NULL, 4);
INSERT INTO `stok_keluar` VALUES (877, 25, 8, '2025-06-01', 'Kasir', NULL, 1);
INSERT INTO `stok_keluar` VALUES (878, 24, 5, '2025-05-07', 'Kasir', NULL, 1);
INSERT INTO `stok_keluar` VALUES (879, 48, 10, '2025-06-01', 'Kasir', NULL, 4);
INSERT INTO `stok_keluar` VALUES (880, 35, 10, '2025-05-25', 'Kasir', NULL, 4);
INSERT INTO `stok_keluar` VALUES (881, 42, 14, '2025-06-04', 'Kasir', NULL, 1);
INSERT INTO `stok_keluar` VALUES (882, 8, 11, '2025-06-06', 'Kasir', NULL, 1);
INSERT INTO `stok_keluar` VALUES (883, 12, 3, '2025-05-06', 'Kasir', NULL, 1);
INSERT INTO `stok_keluar` VALUES (884, 54, 14, '2025-06-05', 'Kasir', NULL, 1);
INSERT INTO `stok_keluar` VALUES (885, 45, 3, '2025-05-06', 'Kasir', NULL, 4);
INSERT INTO `stok_keluar` VALUES (886, 39, 14, '2025-06-03', 'Kasir', NULL, 4);
INSERT INTO `stok_keluar` VALUES (887, 43, 9, '2025-05-16', 'Kasir', NULL, 4);
INSERT INTO `stok_keluar` VALUES (888, 16, 7, '2025-06-10', 'Kasir', NULL, 1);
INSERT INTO `stok_keluar` VALUES (889, 41, 0, '2025-05-15', 'Kasir', NULL, 4);
INSERT INTO `stok_keluar` VALUES (890, 43, 7, '2025-06-11', 'Kasir', NULL, 1);
INSERT INTO `stok_keluar` VALUES (891, 26, 1, '2025-05-06', 'Kasir', NULL, 4);
INSERT INTO `stok_keluar` VALUES (892, 10, 2, '2025-05-09', 'Kasir', NULL, 1);
INSERT INTO `stok_keluar` VALUES (893, 11, 8, '2025-06-08', 'Kasir', NULL, 4);
INSERT INTO `stok_keluar` VALUES (894, 11, 2, '2025-05-19', 'Kasir', NULL, 1);
INSERT INTO `stok_keluar` VALUES (895, 27, 14, '2025-06-13', 'Kasir', NULL, 1);
INSERT INTO `stok_keluar` VALUES (896, 8, 4, '2025-05-01', 'Kasir', NULL, 4);
INSERT INTO `stok_keluar` VALUES (897, 52, 6, '2025-05-27', 'Kasir', NULL, 1);
INSERT INTO `stok_keluar` VALUES (898, 36, 6, '2025-06-04', 'Kasir', NULL, 1);
INSERT INTO `stok_keluar` VALUES (899, 40, 7, '2025-05-02', 'Kasir', NULL, 1);
INSERT INTO `stok_keluar` VALUES (900, 5, 10, '2025-05-08', 'Kasir', NULL, 1);
INSERT INTO `stok_keluar` VALUES (901, 53, 6, '2025-05-19', 'Kasir', NULL, 4);
INSERT INTO `stok_keluar` VALUES (902, 17, 12, '2025-05-25', 'Kasir', NULL, 4);
INSERT INTO `stok_keluar` VALUES (903, 43, 5, '2025-05-15', 'Kasir', NULL, 1);
INSERT INTO `stok_keluar` VALUES (904, 35, 5, '2025-05-25', 'Kasir', NULL, 4);
INSERT INTO `stok_keluar` VALUES (905, 51, 2, '2025-05-24', 'Kasir', NULL, 4);
INSERT INTO `stok_keluar` VALUES (906, 7, 10, '2025-05-13', 'Kasir', NULL, 1);
INSERT INTO `stok_keluar` VALUES (907, 13, 2, '2025-05-20', 'Kasir', NULL, 1);
INSERT INTO `stok_keluar` VALUES (908, 52, 2, '2025-05-17', 'Kasir', NULL, 4);
INSERT INTO `stok_keluar` VALUES (909, 24, 9, '2025-06-02', 'Kasir', NULL, 4);
INSERT INTO `stok_keluar` VALUES (910, 21, 12, '2025-05-06', 'Kasir', NULL, 1);
INSERT INTO `stok_keluar` VALUES (911, 30, 3, '2025-05-06', 'Kasir', NULL, 4);
INSERT INTO `stok_keluar` VALUES (912, 10, 7, '2025-05-09', 'Kasir', NULL, 1);
INSERT INTO `stok_keluar` VALUES (913, 8, 4, '2025-06-01', 'Kasir', NULL, 1);
INSERT INTO `stok_keluar` VALUES (914, 51, 1, '2025-05-18', 'Kasir', NULL, 1);
INSERT INTO `stok_keluar` VALUES (915, 20, 10, '2025-05-18', 'Kasir', NULL, 4);
INSERT INTO `stok_keluar` VALUES (916, 21, 9, '2025-05-08', 'Kasir', NULL, 1);
INSERT INTO `stok_keluar` VALUES (917, 14, 6, '2025-05-24', 'Kasir', NULL, 4);
INSERT INTO `stok_keluar` VALUES (918, 43, 13, '2025-06-10', 'Kasir', NULL, 1);
INSERT INTO `stok_keluar` VALUES (919, 43, 9, '2025-05-03', 'Kasir', NULL, 4);
INSERT INTO `stok_keluar` VALUES (920, 47, 10, '2025-05-04', 'Kasir', NULL, 1);
INSERT INTO `stok_keluar` VALUES (921, 40, 1, '2025-05-23', 'Kasir', NULL, 4);
INSERT INTO `stok_keluar` VALUES (922, 40, 11, '2025-06-10', 'Kasir', NULL, 4);
INSERT INTO `stok_keluar` VALUES (923, 44, 5, '2025-05-18', 'Kasir', NULL, 1);
INSERT INTO `stok_keluar` VALUES (924, 8, 6, '2025-05-08', 'Kasir', NULL, 4);
INSERT INTO `stok_keluar` VALUES (925, 22, 8, '2025-05-10', 'Kasir', NULL, 4);
INSERT INTO `stok_keluar` VALUES (926, 46, 12, '2025-06-07', 'Kasir', NULL, 1);
INSERT INTO `stok_keluar` VALUES (927, 6, 5, '2025-06-14', 'Kasir', NULL, 1);
INSERT INTO `stok_keluar` VALUES (928, 29, 9, '2025-06-12', 'Kasir', NULL, 1);
INSERT INTO `stok_keluar` VALUES (929, 36, 5, '2025-05-31', 'Kasir', NULL, 1);
INSERT INTO `stok_keluar` VALUES (930, 54, 11, '2025-05-16', 'Kasir', NULL, 4);
INSERT INTO `stok_keluar` VALUES (931, 33, 12, '2025-05-07', 'Kasir', NULL, 4);
INSERT INTO `stok_keluar` VALUES (932, 21, 13, '2025-06-03', 'Kasir', NULL, 4);
INSERT INTO `stok_keluar` VALUES (933, 53, 14, '2025-05-30', 'Kasir', NULL, 4);
INSERT INTO `stok_keluar` VALUES (934, 5, 10, '2025-05-29', 'Kasir', NULL, 4);
INSERT INTO `stok_keluar` VALUES (935, 11, 9, '2025-05-22', 'Kasir', NULL, 1);
INSERT INTO `stok_keluar` VALUES (936, 14, 12, '2025-06-09', 'Kasir', NULL, 4);
INSERT INTO `stok_keluar` VALUES (937, 14, 2, '2025-05-10', 'Kasir', NULL, 1);
INSERT INTO `stok_keluar` VALUES (938, 10, 8, '2025-05-04', 'Kasir', NULL, 1);
INSERT INTO `stok_keluar` VALUES (939, 6, 12, '2025-06-06', 'Kasir', NULL, 1);
INSERT INTO `stok_keluar` VALUES (940, 24, 7, '2025-05-27', 'Kasir', NULL, 1);
INSERT INTO `stok_keluar` VALUES (941, 37, 7, '2025-05-21', 'Kasir', NULL, 1);
INSERT INTO `stok_keluar` VALUES (942, 45, 14, '2025-05-04', 'Kasir', NULL, 4);
INSERT INTO `stok_keluar` VALUES (943, 31, 4, '2025-06-13', 'Kasir', NULL, 4);
INSERT INTO `stok_keluar` VALUES (944, 34, 7, '2025-05-28', 'Kasir', NULL, 4);
INSERT INTO `stok_keluar` VALUES (945, 5, 5, '2025-05-26', 'Kasir', NULL, 1);
INSERT INTO `stok_keluar` VALUES (946, 9, 5, '2025-06-04', 'Kasir', NULL, 4);
INSERT INTO `stok_keluar` VALUES (947, 23, 8, '2025-05-20', 'Kasir', NULL, 1);
INSERT INTO `stok_keluar` VALUES (948, 30, 7, '2025-05-23', 'Kasir', NULL, 1);
INSERT INTO `stok_keluar` VALUES (949, 8, 11, '2025-05-25', 'Kasir', NULL, 1);
INSERT INTO `stok_keluar` VALUES (950, 13, 13, '2025-06-03', 'Kasir', NULL, 1);
INSERT INTO `stok_keluar` VALUES (951, 45, 11, '2025-06-12', 'Kasir', NULL, 4);
INSERT INTO `stok_keluar` VALUES (952, 16, 11, '2025-05-14', 'Kasir', NULL, 4);
INSERT INTO `stok_keluar` VALUES (953, 45, 9, '2025-05-16', 'Kasir', NULL, 4);
INSERT INTO `stok_keluar` VALUES (954, 13, 11, '2025-05-15', 'Kasir', NULL, 4);
INSERT INTO `stok_keluar` VALUES (955, 45, 5, '2025-06-04', 'Kasir', NULL, 4);
INSERT INTO `stok_keluar` VALUES (956, 9, 3, '2025-05-20', 'Kasir', NULL, 1);
INSERT INTO `stok_keluar` VALUES (957, 22, 7, '2025-05-11', 'Kasir', NULL, 1);
INSERT INTO `stok_keluar` VALUES (958, 9, 5, '2025-05-19', 'Kasir', NULL, 1);
INSERT INTO `stok_keluar` VALUES (959, 31, 11, '2025-06-06', 'Kasir', NULL, 1);
INSERT INTO `stok_keluar` VALUES (960, 17, 8, '2025-05-10', 'Kasir', NULL, 4);
INSERT INTO `stok_keluar` VALUES (961, 48, 9, '2025-05-12', 'Kasir', NULL, 1);
INSERT INTO `stok_keluar` VALUES (962, 19, 5, '2025-05-05', 'Kasir', NULL, 4);
INSERT INTO `stok_keluar` VALUES (963, 23, 12, '2025-05-20', 'Kasir', NULL, 4);
INSERT INTO `stok_keluar` VALUES (964, 13, 8, '2025-05-24', 'Kasir', NULL, 4);
INSERT INTO `stok_keluar` VALUES (965, 42, 7, '2025-05-28', 'Kasir', NULL, 4);
INSERT INTO `stok_keluar` VALUES (966, 9, 11, '2025-05-06', 'Kasir', NULL, 1);
INSERT INTO `stok_keluar` VALUES (967, 22, 8, '2025-05-13', 'Kasir', NULL, 4);
INSERT INTO `stok_keluar` VALUES (968, 10, 2, '2025-06-14', 'Kasir', NULL, 4);
INSERT INTO `stok_keluar` VALUES (969, 13, 14, '2025-05-19', 'Kasir', NULL, 1);
INSERT INTO `stok_keluar` VALUES (970, 47, 3, '2025-05-10', 'Kasir', NULL, 1);
INSERT INTO `stok_keluar` VALUES (971, 42, 14, '2025-06-12', 'Kasir', NULL, 1);
INSERT INTO `stok_keluar` VALUES (972, 17, 5, '2025-05-30', 'Kasir', NULL, 1);
INSERT INTO `stok_keluar` VALUES (973, 7, 14, '2025-05-31', 'Kasir', NULL, 1);
INSERT INTO `stok_keluar` VALUES (974, 49, 7, '2025-05-10', 'Kasir', NULL, 1);
INSERT INTO `stok_keluar` VALUES (975, 17, 13, '2025-05-10', 'Kasir', NULL, 4);
INSERT INTO `stok_keluar` VALUES (976, 18, 2, '2025-06-04', 'Kasir', NULL, 1);
INSERT INTO `stok_keluar` VALUES (977, 16, 9, '2025-05-22', 'Kasir', NULL, 4);
INSERT INTO `stok_keluar` VALUES (978, 17, 1, '2025-06-03', 'Kasir', NULL, 1);
INSERT INTO `stok_keluar` VALUES (979, 35, 12, '2025-06-02', 'Kasir', NULL, 1);
INSERT INTO `stok_keluar` VALUES (980, 5, 8, '2025-06-10', 'Kasir', NULL, 4);
INSERT INTO `stok_keluar` VALUES (981, 20, 14, '2025-05-22', 'Kasir', NULL, 1);
INSERT INTO `stok_keluar` VALUES (982, 20, 9, '2025-06-14', 'Kasir', NULL, 4);
INSERT INTO `stok_keluar` VALUES (983, 30, 8, '2025-05-04', 'Kasir', NULL, 4);
INSERT INTO `stok_keluar` VALUES (984, 45, 9, '2025-06-06', 'Kasir', NULL, 4);
INSERT INTO `stok_keluar` VALUES (985, 49, 11, '2025-05-06', 'Kasir', NULL, 4);
INSERT INTO `stok_keluar` VALUES (986, 53, 13, '2025-05-26', 'Kasir', NULL, 4);
INSERT INTO `stok_keluar` VALUES (987, 50, 5, '2025-05-07', 'Kasir', NULL, 4);
INSERT INTO `stok_keluar` VALUES (988, 42, 9, '2025-06-10', 'Kasir', NULL, 1);
INSERT INTO `stok_keluar` VALUES (989, 46, 9, '2025-05-29', 'Kasir', NULL, 4);
INSERT INTO `stok_keluar` VALUES (990, 37, 4, '2025-05-17', 'Kasir', NULL, 1);
INSERT INTO `stok_keluar` VALUES (991, 14, 10, '2025-05-08', 'Kasir', NULL, 1);
INSERT INTO `stok_keluar` VALUES (992, 36, 13, '2025-05-24', 'Kasir', NULL, 4);
INSERT INTO `stok_keluar` VALUES (993, 46, 1, '2025-05-01', 'Kasir', NULL, 4);
INSERT INTO `stok_keluar` VALUES (994, 24, 13, '2025-06-13', 'Kasir', NULL, 4);
INSERT INTO `stok_keluar` VALUES (995, 41, 3, '2025-05-22', 'Kasir', NULL, 4);
INSERT INTO `stok_keluar` VALUES (996, 21, 6, '2025-05-30', 'Kasir', NULL, 4);
INSERT INTO `stok_keluar` VALUES (997, 6, 5, '2025-05-01', 'Kasir', NULL, 4);
INSERT INTO `stok_keluar` VALUES (998, 54, 11, '2025-05-27', 'Kasir', NULL, 1);
INSERT INTO `stok_keluar` VALUES (999, 38, 15, '2025-06-01', 'Kasir', NULL, 4);
INSERT INTO `stok_keluar` VALUES (1000, 42, 2, '2025-05-05', 'Kasir', NULL, 4);
INSERT INTO `stok_keluar` VALUES (1001, 54, 11, '2025-06-14', 'Kasir', NULL, 4);
INSERT INTO `stok_keluar` VALUES (1002, 54, 11, '2025-05-16', 'Kasir', NULL, 4);
INSERT INTO `stok_keluar` VALUES (1003, 38, 7, '2025-05-29', 'Kasir', NULL, 4);
INSERT INTO `stok_keluar` VALUES (1004, 30, 14, '2025-05-03', 'Kasir', NULL, 4);
INSERT INTO `stok_keluar` VALUES (1005, 35, 7, '2025-05-30', 'Kasir', NULL, 4);

-- ----------------------------
-- Table structure for stok_masuk
-- ----------------------------
DROP TABLE IF EXISTS `stok_masuk`;
CREATE TABLE `stok_masuk`  (
  `id_masuk` int NOT NULL AUTO_INCREMENT,
  `id_barang` int NOT NULL,
  `id_supplier` int NULL DEFAULT NULL,
  `jumlah` int NOT NULL,
  `tanggal` date NOT NULL,
  `keterangan` text CHARACTER SET utf8mb4 COLLATE utf8mb4_general_ci NULL,
  `harga_beli` decimal(15, 2) NULL DEFAULT NULL,
  `id_pengguna` int NULL DEFAULT NULL,
  PRIMARY KEY (`id_masuk`) USING BTREE,
  INDEX `id_barang`(`id_barang` ASC) USING BTREE,
  INDEX `id_supplier`(`id_supplier` ASC) USING BTREE,
  INDEX `id_pengguna`(`id_pengguna` ASC) USING BTREE,
  CONSTRAINT `stok_masuk_ibfk_1` FOREIGN KEY (`id_barang`) REFERENCES `barang` (`id_barang`) ON DELETE RESTRICT ON UPDATE RESTRICT,
  CONSTRAINT `stok_masuk_ibfk_2` FOREIGN KEY (`id_supplier`) REFERENCES `supplier` (`id_supplier`) ON DELETE RESTRICT ON UPDATE RESTRICT,
  CONSTRAINT `stok_masuk_ibfk_3` FOREIGN KEY (`id_pengguna`) REFERENCES `pengguna` (`id_pengguna`) ON DELETE RESTRICT ON UPDATE RESTRICT
) ENGINE = InnoDB AUTO_INCREMENT = 1260 CHARACTER SET = utf8mb4 COLLATE = utf8mb4_general_ci ROW_FORMAT = Dynamic;

-- ----------------------------
-- Records of stok_masuk
-- ----------------------------
INSERT INTO `stok_masuk` VALUES (1010, 19, 5, 108, '2025-05-01', NULL, 2700.00, 1);
INSERT INTO `stok_masuk` VALUES (1011, 47, 5, 59, '2025-05-26', NULL, 17500.00, 4);
INSERT INTO `stok_masuk` VALUES (1012, 53, 6, 109, '2025-06-10', NULL, 5000.00, 4);
INSERT INTO `stok_masuk` VALUES (1013, 8, 6, 75, '2025-05-12', NULL, 3500.00, 1);
INSERT INTO `stok_masuk` VALUES (1014, 17, 5, 30, '2025-05-27', NULL, 3500.00, 4);
INSERT INTO `stok_masuk` VALUES (1015, 48, 6, 60, '2025-05-23', NULL, 12500.00, 4);
INSERT INTO `stok_masuk` VALUES (1016, 33, 6, 177, '2025-05-23', NULL, 13000.00, 1);
INSERT INTO `stok_masuk` VALUES (1017, 34, 6, 158, '2025-05-05', NULL, 9500.00, 4);
INSERT INTO `stok_masuk` VALUES (1018, 53, 7, 62, '2025-05-05', NULL, 5000.00, 4);
INSERT INTO `stok_masuk` VALUES (1019, 8, 7, 100, '2025-06-13', NULL, 3500.00, 1);
INSERT INTO `stok_masuk` VALUES (1020, 37, 5, 44, '2025-05-12', NULL, 27000.00, 1);
INSERT INTO `stok_masuk` VALUES (1021, 41, 5, 188, '2025-05-09', NULL, 25000.00, 1);
INSERT INTO `stok_masuk` VALUES (1022, 16, 5, 76, '2025-05-05', NULL, 14500.00, 4);
INSERT INTO `stok_masuk` VALUES (1023, 41, 4, 186, '2025-05-13', NULL, 25000.00, 1);
INSERT INTO `stok_masuk` VALUES (1024, 5, 6, 53, '2025-05-30', NULL, 2800.00, 1);
INSERT INTO `stok_masuk` VALUES (1025, 8, 7, 184, '2025-06-09', NULL, 3500.00, 1);
INSERT INTO `stok_masuk` VALUES (1026, 37, 6, 104, '2025-05-23', NULL, 27000.00, 4);
INSERT INTO `stok_masuk` VALUES (1027, 20, 4, 61, '2025-05-19', NULL, 2800.00, 1);
INSERT INTO `stok_masuk` VALUES (1028, 24, 7, 187, '2025-06-06', NULL, 4000.00, 4);
INSERT INTO `stok_masuk` VALUES (1029, 6, 4, 86, '2025-05-16', NULL, 3500.00, 4);
INSERT INTO `stok_masuk` VALUES (1030, 15, 7, 136, '2025-05-30', NULL, 3500.00, 1);
INSERT INTO `stok_masuk` VALUES (1031, 9, 5, 54, '2025-06-02', NULL, 14500.00, 1);
INSERT INTO `stok_masuk` VALUES (1032, 9, 6, 113, '2025-06-06', NULL, 14500.00, 1);
INSERT INTO `stok_masuk` VALUES (1033, 9, 7, 53, '2025-05-20', NULL, 14500.00, 1);
INSERT INTO `stok_masuk` VALUES (1034, 11, 7, 71, '2025-05-02', NULL, 2500.00, 4);
INSERT INTO `stok_masuk` VALUES (1035, 54, 4, 66, '2025-06-13', NULL, 7500.00, 1);
INSERT INTO `stok_masuk` VALUES (1036, 38, 6, 40, '2025-06-06', NULL, 27000.00, 4);
INSERT INTO `stok_masuk` VALUES (1037, 54, 6, 127, '2025-05-20', NULL, 7500.00, 4);
INSERT INTO `stok_masuk` VALUES (1038, 17, 4, 32, '2025-06-09', NULL, 3500.00, 1);
INSERT INTO `stok_masuk` VALUES (1039, 16, 7, 148, '2025-05-05', NULL, 14500.00, 1);
INSERT INTO `stok_masuk` VALUES (1040, 10, 6, 44, '2025-06-06', NULL, 62000.00, 4);
INSERT INTO `stok_masuk` VALUES (1041, 25, 7, 135, '2025-05-27', NULL, 17000.00, 1);
INSERT INTO `stok_masuk` VALUES (1042, 48, 7, 108, '2025-05-09', NULL, 12500.00, 4);
INSERT INTO `stok_masuk` VALUES (1043, 18, 6, 178, '2025-05-06', NULL, 12500.00, 1);
INSERT INTO `stok_masuk` VALUES (1044, 22, 5, 40, '2025-05-14', NULL, 22000.00, 1);
INSERT INTO `stok_masuk` VALUES (1045, 48, 5, 135, '2025-05-16', NULL, 12500.00, 1);
INSERT INTO `stok_masuk` VALUES (1046, 20, 7, 73, '2025-05-29', NULL, 2800.00, 4);
INSERT INTO `stok_masuk` VALUES (1047, 35, 7, 193, '2025-05-12', NULL, 12000.00, 4);
INSERT INTO `stok_masuk` VALUES (1048, 9, 7, 139, '2025-05-19', NULL, 14500.00, 1);
INSERT INTO `stok_masuk` VALUES (1049, 22, 6, 57, '2025-05-30', NULL, 22000.00, 4);
INSERT INTO `stok_masuk` VALUES (1050, 5, 4, 193, '2025-05-05', NULL, 2800.00, 4);
INSERT INTO `stok_masuk` VALUES (1051, 32, 6, 75, '2025-05-30', NULL, 15500.00, 4);
INSERT INTO `stok_masuk` VALUES (1052, 53, 5, 35, '2025-05-09', NULL, 5000.00, 1);
INSERT INTO `stok_masuk` VALUES (1053, 16, 5, 118, '2025-05-14', NULL, 14500.00, 1);
INSERT INTO `stok_masuk` VALUES (1054, 42, 4, 155, '2025-05-21', NULL, 160000.00, 1);
INSERT INTO `stok_masuk` VALUES (1055, 26, 4, 70, '2025-06-06', NULL, 8000.00, 1);
INSERT INTO `stok_masuk` VALUES (1056, 44, 5, 44, '2025-05-30', NULL, 12000.00, 1);
INSERT INTO `stok_masuk` VALUES (1057, 52, 5, 42, '2025-06-06', NULL, 3000.00, 1);
INSERT INTO `stok_masuk` VALUES (1058, 16, 7, 122, '2025-06-06', NULL, 14500.00, 4);
INSERT INTO `stok_masuk` VALUES (1059, 49, 7, 136, '2025-05-05', NULL, 1500.00, 1);
INSERT INTO `stok_masuk` VALUES (1060, 32, 7, 165, '2025-05-08', NULL, 15500.00, 4);
INSERT INTO `stok_masuk` VALUES (1061, 5, 5, 96, '2025-05-05', NULL, 2800.00, 4);
INSERT INTO `stok_masuk` VALUES (1062, 30, 5, 148, '2025-05-19', NULL, 42000.00, 1);
INSERT INTO `stok_masuk` VALUES (1063, 48, 6, 138, '2025-06-10', NULL, 12500.00, 1);
INSERT INTO `stok_masuk` VALUES (1064, 40, 6, 42, '2025-06-04', NULL, 3000.00, 4);
INSERT INTO `stok_masuk` VALUES (1065, 23, 5, 32, '2025-05-05', NULL, 20000.00, 4);
INSERT INTO `stok_masuk` VALUES (1066, 9, 5, 93, '2025-05-30', NULL, 14500.00, 4);
INSERT INTO `stok_masuk` VALUES (1067, 41, 6, 135, '2025-05-23', NULL, 25000.00, 4);
INSERT INTO `stok_masuk` VALUES (1068, 17, 6, 93, '2025-05-30', NULL, 3500.00, 1);
INSERT INTO `stok_masuk` VALUES (1069, 49, 6, 154, '2025-05-05', NULL, 1500.00, 1);
INSERT INTO `stok_masuk` VALUES (1070, 22, 6, 138, '2025-06-12', NULL, 22000.00, 1);
INSERT INTO `stok_masuk` VALUES (1071, 52, 4, 150, '2025-05-19', NULL, 3000.00, 4);
INSERT INTO `stok_masuk` VALUES (1072, 50, 6, 176, '2025-05-23', NULL, 8000.00, 4);
INSERT INTO `stok_masuk` VALUES (1073, 11, 5, 57, '2025-05-22', NULL, 2500.00, 4);
INSERT INTO `stok_masuk` VALUES (1074, 26, 4, 84, '2025-06-04', NULL, 8000.00, 1);
INSERT INTO `stok_masuk` VALUES (1075, 23, 4, 116, '2025-06-10', NULL, 20000.00, 4);
INSERT INTO `stok_masuk` VALUES (1076, 52, 7, 182, '2025-05-23', NULL, 3000.00, 4);
INSERT INTO `stok_masuk` VALUES (1077, 45, 5, 186, '2025-05-09', NULL, 50000.00, 4);
INSERT INTO `stok_masuk` VALUES (1078, 15, 4, 107, '2025-05-19', NULL, 3500.00, 4);
INSERT INTO `stok_masuk` VALUES (1079, 7, 4, 82, '2025-06-11', NULL, 1500.00, 1);
INSERT INTO `stok_masuk` VALUES (1080, 27, 6, 200, '2025-06-05', NULL, 85000.00, 4);
INSERT INTO `stok_masuk` VALUES (1081, 34, 4, 54, '2025-05-01', NULL, 9500.00, 4);
INSERT INTO `stok_masuk` VALUES (1082, 24, 5, 198, '2025-05-30', NULL, 4000.00, 1);
INSERT INTO `stok_masuk` VALUES (1083, 53, 5, 79, '2025-06-03', NULL, 5000.00, 1);
INSERT INTO `stok_masuk` VALUES (1084, 40, 6, 106, '2025-06-06', NULL, 3000.00, 4);
INSERT INTO `stok_masuk` VALUES (1085, 19, 7, 116, '2025-05-01', NULL, 2700.00, 1);
INSERT INTO `stok_masuk` VALUES (1086, 19, 7, 119, '2025-05-19', NULL, 2700.00, 1);
INSERT INTO `stok_masuk` VALUES (1087, 10, 4, 172, '2025-05-29', NULL, 62000.00, 1);
INSERT INTO `stok_masuk` VALUES (1088, 12, 6, 34, '2025-05-09', NULL, 15000.00, 1);
INSERT INTO `stok_masuk` VALUES (1089, 53, 5, 131, '2025-05-30', NULL, 5000.00, 4);
INSERT INTO `stok_masuk` VALUES (1090, 41, 5, 81, '2025-05-21', NULL, 25000.00, 1);
INSERT INTO `stok_masuk` VALUES (1091, 13, 5, 97, '2025-06-05', NULL, 4000.00, 4);
INSERT INTO `stok_masuk` VALUES (1092, 28, 6, 183, '2025-05-02', NULL, 13000.00, 4);
INSERT INTO `stok_masuk` VALUES (1093, 41, 5, 128, '2025-05-15', NULL, 25000.00, 4);
INSERT INTO `stok_masuk` VALUES (1094, 53, 5, 71, '2025-05-23', NULL, 5000.00, 1);
INSERT INTO `stok_masuk` VALUES (1095, 14, 6, 182, '2025-05-30', NULL, 9000.00, 4);
INSERT INTO `stok_masuk` VALUES (1096, 45, 6, 134, '2025-06-06', NULL, 50000.00, 4);
INSERT INTO `stok_masuk` VALUES (1097, 27, 4, 70, '2025-05-12', NULL, 85000.00, 1);
INSERT INTO `stok_masuk` VALUES (1098, 28, 6, 52, '2025-06-13', NULL, 13000.00, 4);
INSERT INTO `stok_masuk` VALUES (1099, 28, 4, 122, '2025-05-13', NULL, 13000.00, 1);
INSERT INTO `stok_masuk` VALUES (1100, 42, 7, 82, '2025-05-14', NULL, 160000.00, 1);
INSERT INTO `stok_masuk` VALUES (1101, 53, 5, 87, '2025-05-29', NULL, 5000.00, 4);
INSERT INTO `stok_masuk` VALUES (1102, 24, 5, 194, '2025-06-06', NULL, 4000.00, 4);
INSERT INTO `stok_masuk` VALUES (1103, 52, 6, 179, '2025-05-07', NULL, 3000.00, 4);
INSERT INTO `stok_masuk` VALUES (1104, 10, 4, 50, '2025-06-11', NULL, 62000.00, 4);
INSERT INTO `stok_masuk` VALUES (1105, 12, 5, 35, '2025-05-12', NULL, 15000.00, 4);
INSERT INTO `stok_masuk` VALUES (1106, 29, 4, 196, '2025-05-13', NULL, 4500.00, 4);
INSERT INTO `stok_masuk` VALUES (1107, 10, 4, 177, '2025-05-13', NULL, 62000.00, 1);
INSERT INTO `stok_masuk` VALUES (1108, 40, 5, 194, '2025-05-30', NULL, 3000.00, 4);
INSERT INTO `stok_masuk` VALUES (1109, 33, 7, 83, '2025-05-12', NULL, 13000.00, 4);
INSERT INTO `stok_masuk` VALUES (1110, 16, 4, 93, '2025-05-12', NULL, 14500.00, 4);
INSERT INTO `stok_masuk` VALUES (1111, 43, 7, 108, '2025-05-20', NULL, 95000.00, 4);
INSERT INTO `stok_masuk` VALUES (1112, 47, 4, 50, '2025-05-01', NULL, 17500.00, 1);
INSERT INTO `stok_masuk` VALUES (1113, 39, 6, 40, '2025-06-06', NULL, 10000.00, 1);
INSERT INTO `stok_masuk` VALUES (1114, 34, 4, 197, '2025-05-30', NULL, 9500.00, 4);
INSERT INTO `stok_masuk` VALUES (1115, 21, 6, 117, '2025-05-14', NULL, 7500.00, 4);
INSERT INTO `stok_masuk` VALUES (1116, 31, 4, 84, '2025-06-06', NULL, 23000.00, 4);
INSERT INTO `stok_masuk` VALUES (1117, 10, 5, 107, '2025-05-19', NULL, 62000.00, 1);
INSERT INTO `stok_masuk` VALUES (1118, 38, 5, 71, '2025-05-23', NULL, 27000.00, 4);
INSERT INTO `stok_masuk` VALUES (1119, 24, 5, 145, '2025-06-04', NULL, 4000.00, 4);
INSERT INTO `stok_masuk` VALUES (1120, 10, 6, 57, '2025-05-19', NULL, 62000.00, 4);
INSERT INTO `stok_masuk` VALUES (1121, 45, 6, 126, '2025-06-13', NULL, 50000.00, 1);
INSERT INTO `stok_masuk` VALUES (1122, 54, 7, 173, '2025-05-19', NULL, 7500.00, 1);
INSERT INTO `stok_masuk` VALUES (1123, 5, 6, 93, '2025-06-13', NULL, 2800.00, 4);
INSERT INTO `stok_masuk` VALUES (1124, 26, 5, 72, '2025-06-06', NULL, 8000.00, 1);
INSERT INTO `stok_masuk` VALUES (1125, 8, 4, 135, '2025-06-04', NULL, 3500.00, 4);
INSERT INTO `stok_masuk` VALUES (1126, 50, 7, 132, '2025-05-19', NULL, 8000.00, 4);
INSERT INTO `stok_masuk` VALUES (1127, 50, 5, 150, '2025-05-23', NULL, 8000.00, 4);
INSERT INTO `stok_masuk` VALUES (1128, 45, 5, 185, '2025-05-30', NULL, 50000.00, 1);
INSERT INTO `stok_masuk` VALUES (1129, 14, 5, 53, '2025-05-22', NULL, 9000.00, 4);
INSERT INTO `stok_masuk` VALUES (1130, 38, 5, 142, '2025-05-12', NULL, 27000.00, 4);
INSERT INTO `stok_masuk` VALUES (1131, 30, 7, 119, '2025-06-09', NULL, 42000.00, 1);
INSERT INTO `stok_masuk` VALUES (1132, 47, 6, 89, '2025-05-27', NULL, 17500.00, 1);
INSERT INTO `stok_masuk` VALUES (1133, 47, 7, 99, '2025-05-26', NULL, 17500.00, 4);
INSERT INTO `stok_masuk` VALUES (1134, 24, 6, 187, '2025-05-14', NULL, 4000.00, 4);
INSERT INTO `stok_masuk` VALUES (1135, 32, 4, 112, '2025-05-26', NULL, 15500.00, 4);
INSERT INTO `stok_masuk` VALUES (1136, 13, 7, 101, '2025-06-13', NULL, 4000.00, 1);
INSERT INTO `stok_masuk` VALUES (1137, 49, 6, 133, '2025-05-30', NULL, 1500.00, 1);
INSERT INTO `stok_masuk` VALUES (1138, 46, 4, 170, '2025-05-19', NULL, 14500.00, 1);
INSERT INTO `stok_masuk` VALUES (1139, 52, 4, 75, '2025-06-09', NULL, 3000.00, 4);
INSERT INTO `stok_masuk` VALUES (1140, 49, 5, 108, '2025-06-13', NULL, 1500.00, 4);
INSERT INTO `stok_masuk` VALUES (1141, 45, 6, 180, '2025-05-27', NULL, 50000.00, 1);
INSERT INTO `stok_masuk` VALUES (1142, 43, 4, 74, '2025-06-09', NULL, 95000.00, 1);
INSERT INTO `stok_masuk` VALUES (1143, 51, 5, 151, '2025-05-21', NULL, 7500.00, 4);
INSERT INTO `stok_masuk` VALUES (1144, 54, 5, 94, '2025-05-23', NULL, 7500.00, 4);
INSERT INTO `stok_masuk` VALUES (1145, 36, 6, 125, '2025-06-06', NULL, 14000.00, 4);
INSERT INTO `stok_masuk` VALUES (1146, 14, 7, 162, '2025-06-05', NULL, 9000.00, 1);
INSERT INTO `stok_masuk` VALUES (1147, 31, 6, 156, '2025-05-29', NULL, 23000.00, 4);
INSERT INTO `stok_masuk` VALUES (1148, 37, 5, 53, '2025-05-05', NULL, 27000.00, 4);
INSERT INTO `stok_masuk` VALUES (1149, 38, 4, 86, '2025-05-26', NULL, 27000.00, 4);
INSERT INTO `stok_masuk` VALUES (1150, 49, 4, 57, '2025-05-20', NULL, 1500.00, 1);
INSERT INTO `stok_masuk` VALUES (1151, 28, 7, 82, '2025-05-16', NULL, 13000.00, 4);
INSERT INTO `stok_masuk` VALUES (1152, 36, 5, 63, '2025-05-19', NULL, 14000.00, 4);
INSERT INTO `stok_masuk` VALUES (1153, 45, 5, 129, '2025-05-29', NULL, 50000.00, 4);
INSERT INTO `stok_masuk` VALUES (1154, 25, 7, 39, '2025-05-19', NULL, 17000.00, 4);
INSERT INTO `stok_masuk` VALUES (1155, 25, 7, 94, '2025-05-23', NULL, 17000.00, 1);
INSERT INTO `stok_masuk` VALUES (1156, 53, 7, 187, '2025-05-19', NULL, 5000.00, 1);
INSERT INTO `stok_masuk` VALUES (1157, 39, 4, 127, '2025-06-02', NULL, 10000.00, 4);
INSERT INTO `stok_masuk` VALUES (1158, 40, 4, 48, '2025-05-30', NULL, 3000.00, 1);
INSERT INTO `stok_masuk` VALUES (1159, 45, 6, 169, '2025-05-02', NULL, 50000.00, 1);
INSERT INTO `stok_masuk` VALUES (1160, 46, 5, 193, '2025-06-10', NULL, 14500.00, 4);
INSERT INTO `stok_masuk` VALUES (1161, 14, 4, 96, '2025-06-13', NULL, 9000.00, 1);
INSERT INTO `stok_masuk` VALUES (1162, 41, 6, 80, '2025-05-28', NULL, 25000.00, 1);
INSERT INTO `stok_masuk` VALUES (1163, 54, 6, 65, '2025-05-20', NULL, 7500.00, 4);
INSERT INTO `stok_masuk` VALUES (1164, 54, 5, 139, '2025-05-29', NULL, 7500.00, 4);
INSERT INTO `stok_masuk` VALUES (1165, 32, 5, 180, '2025-06-13', NULL, 15500.00, 4);
INSERT INTO `stok_masuk` VALUES (1166, 40, 5, 155, '2025-05-05', NULL, 3000.00, 1);
INSERT INTO `stok_masuk` VALUES (1167, 6, 4, 113, '2025-05-21', NULL, 3500.00, 4);
INSERT INTO `stok_masuk` VALUES (1168, 33, 5, 142, '2025-05-01', NULL, 13000.00, 1);
INSERT INTO `stok_masuk` VALUES (1169, 53, 7, 46, '2025-05-30', NULL, 5000.00, 1);
INSERT INTO `stok_masuk` VALUES (1170, 36, 5, 184, '2025-05-08', NULL, 14000.00, 4);
INSERT INTO `stok_masuk` VALUES (1171, 53, 4, 163, '2025-05-26', NULL, 5000.00, 4);
INSERT INTO `stok_masuk` VALUES (1172, 46, 6, 44, '2025-06-13', NULL, 14500.00, 1);
INSERT INTO `stok_masuk` VALUES (1173, 35, 5, 167, '2025-06-09', NULL, 12000.00, 4);
INSERT INTO `stok_masuk` VALUES (1174, 12, 5, 176, '2025-05-05', NULL, 15000.00, 1);
INSERT INTO `stok_masuk` VALUES (1175, 25, 6, 38, '2025-05-23', NULL, 17000.00, 1);
INSERT INTO `stok_masuk` VALUES (1176, 9, 7, 85, '2025-06-05', NULL, 14500.00, 4);
INSERT INTO `stok_masuk` VALUES (1177, 7, 5, 178, '2025-05-29', NULL, 1500.00, 4);
INSERT INTO `stok_masuk` VALUES (1178, 25, 6, 134, '2025-05-13', NULL, 17000.00, 4);
INSERT INTO `stok_masuk` VALUES (1179, 31, 5, 184, '2025-05-09', NULL, 23000.00, 4);
INSERT INTO `stok_masuk` VALUES (1180, 40, 4, 91, '2025-06-06', NULL, 3000.00, 1);
INSERT INTO `stok_masuk` VALUES (1181, 8, 6, 120, '2025-06-13', NULL, 3500.00, 1);
INSERT INTO `stok_masuk` VALUES (1182, 26, 7, 82, '2025-05-01', NULL, 8000.00, 4);
INSERT INTO `stok_masuk` VALUES (1183, 46, 4, 55, '2025-06-05', NULL, 14500.00, 4);
INSERT INTO `stok_masuk` VALUES (1184, 35, 6, 70, '2025-05-05', NULL, 12000.00, 4);
INSERT INTO `stok_masuk` VALUES (1185, 41, 7, 113, '2025-05-23', NULL, 25000.00, 4);
INSERT INTO `stok_masuk` VALUES (1186, 27, 7, 164, '2025-05-15', NULL, 85000.00, 4);
INSERT INTO `stok_masuk` VALUES (1187, 37, 4, 79, '2025-05-19', NULL, 27000.00, 1);
INSERT INTO `stok_masuk` VALUES (1188, 41, 6, 180, '2025-05-22', NULL, 25000.00, 1);
INSERT INTO `stok_masuk` VALUES (1189, 34, 5, 128, '2025-05-19', NULL, 9500.00, 4);
INSERT INTO `stok_masuk` VALUES (1190, 43, 5, 195, '2025-05-27', NULL, 95000.00, 4);
INSERT INTO `stok_masuk` VALUES (1191, 36, 4, 99, '2025-05-26', NULL, 14000.00, 4);
INSERT INTO `stok_masuk` VALUES (1192, 26, 6, 196, '2025-06-04', NULL, 8000.00, 4);
INSERT INTO `stok_masuk` VALUES (1193, 9, 6, 192, '2025-05-23', NULL, 14500.00, 1);
INSERT INTO `stok_masuk` VALUES (1194, 48, 4, 115, '2025-05-14', NULL, 12500.00, 4);
INSERT INTO `stok_masuk` VALUES (1195, 30, 5, 102, '2025-05-01', NULL, 42000.00, 1);
INSERT INTO `stok_masuk` VALUES (1196, 46, 6, 62, '2025-05-05', NULL, 14500.00, 4);
INSERT INTO `stok_masuk` VALUES (1197, 22, 7, 123, '2025-05-05', NULL, 22000.00, 4);
INSERT INTO `stok_masuk` VALUES (1198, 45, 6, 67, '2025-05-19', NULL, 50000.00, 1);
INSERT INTO `stok_masuk` VALUES (1199, 15, 5, 122, '2025-05-23', NULL, 3500.00, 4);
INSERT INTO `stok_masuk` VALUES (1200, 36, 6, 135, '2025-05-21', NULL, 14000.00, 4);
INSERT INTO `stok_masuk` VALUES (1201, 40, 4, 155, '2025-06-09', NULL, 3000.00, 1);
INSERT INTO `stok_masuk` VALUES (1202, 20, 4, 43, '2025-05-01', NULL, 2800.00, 1);
INSERT INTO `stok_masuk` VALUES (1203, 45, 5, 131, '2025-05-21', NULL, 50000.00, 4);
INSERT INTO `stok_masuk` VALUES (1204, 11, 6, 139, '2025-06-05', NULL, 2500.00, 1);
INSERT INTO `stok_masuk` VALUES (1205, 13, 5, 64, '2025-06-12', NULL, 4000.00, 4);
INSERT INTO `stok_masuk` VALUES (1206, 17, 6, 177, '2025-05-30', NULL, 3500.00, 4);
INSERT INTO `stok_masuk` VALUES (1207, 9, 4, 97, '2025-06-11', NULL, 14500.00, 1);
INSERT INTO `stok_masuk` VALUES (1208, 7, 4, 86, '2025-05-28', NULL, 1500.00, 1);
INSERT INTO `stok_masuk` VALUES (1209, 22, 7, 78, '2025-05-29', NULL, 22000.00, 4);
INSERT INTO `stok_masuk` VALUES (1210, 42, 7, 157, '2025-05-20', NULL, 160000.00, 1);
INSERT INTO `stok_masuk` VALUES (1211, 11, 7, 119, '2025-05-06', NULL, 2500.00, 1);
INSERT INTO `stok_masuk` VALUES (1212, 54, 6, 138, '2025-05-06', NULL, 7500.00, 1);
INSERT INTO `stok_masuk` VALUES (1213, 16, 7, 124, '2025-05-12', NULL, 14500.00, 4);
INSERT INTO `stok_masuk` VALUES (1214, 16, 4, 164, '2025-05-06', NULL, 14500.00, 4);
INSERT INTO `stok_masuk` VALUES (1215, 16, 4, 48, '2025-05-13', NULL, 14500.00, 1);
INSERT INTO `stok_masuk` VALUES (1216, 26, 5, 150, '2025-05-05', NULL, 8000.00, 4);
INSERT INTO `stok_masuk` VALUES (1217, 31, 5, 194, '2025-05-12', NULL, 23000.00, 1);
INSERT INTO `stok_masuk` VALUES (1218, 15, 6, 145, '2025-05-05', NULL, 3500.00, 4);
INSERT INTO `stok_masuk` VALUES (1219, 51, 5, 47, '2025-05-19', NULL, 7500.00, 1);
INSERT INTO `stok_masuk` VALUES (1220, 24, 7, 33, '2025-06-02', NULL, 4000.00, 4);
INSERT INTO `stok_masuk` VALUES (1221, 10, 4, 164, '2025-06-02', NULL, 62000.00, 1);
INSERT INTO `stok_masuk` VALUES (1222, 46, 7, 171, '2025-05-15', NULL, 14500.00, 1);
INSERT INTO `stok_masuk` VALUES (1223, 26, 4, 143, '2025-06-12', NULL, 8000.00, 4);
INSERT INTO `stok_masuk` VALUES (1224, 27, 7, 179, '2025-05-08', NULL, 85000.00, 4);
INSERT INTO `stok_masuk` VALUES (1225, 37, 6, 54, '2025-06-12', NULL, 27000.00, 4);
INSERT INTO `stok_masuk` VALUES (1226, 33, 7, 108, '2025-05-01', NULL, 13000.00, 1);
INSERT INTO `stok_masuk` VALUES (1227, 7, 7, 198, '2025-05-19', NULL, 1500.00, 1);
INSERT INTO `stok_masuk` VALUES (1228, 21, 5, 92, '2025-05-16', NULL, 7500.00, 4);
INSERT INTO `stok_masuk` VALUES (1229, 45, 7, 79, '2025-06-10', NULL, 50000.00, 1);
INSERT INTO `stok_masuk` VALUES (1230, 42, 4, 196, '2025-05-19', NULL, 160000.00, 1);
INSERT INTO `stok_masuk` VALUES (1231, 7, 6, 86, '2025-05-20', NULL, 1500.00, 4);
INSERT INTO `stok_masuk` VALUES (1232, 42, 4, 167, '2025-05-05', NULL, 160000.00, 4);
INSERT INTO `stok_masuk` VALUES (1233, 15, 7, 156, '2025-05-23', NULL, 3500.00, 1);
INSERT INTO `stok_masuk` VALUES (1234, 36, 4, 185, '2025-05-05', NULL, 14000.00, 1);
INSERT INTO `stok_masuk` VALUES (1235, 12, 5, 35, '2025-05-01', NULL, 15000.00, 1);
INSERT INTO `stok_masuk` VALUES (1236, 5, 4, 35, '2025-05-12', NULL, 2800.00, 1);
INSERT INTO `stok_masuk` VALUES (1237, 20, 4, 153, '2025-05-23', NULL, 2800.00, 1);
INSERT INTO `stok_masuk` VALUES (1238, 40, 5, 65, '2025-05-08', NULL, 3000.00, 4);
INSERT INTO `stok_masuk` VALUES (1239, 37, 5, 134, '2025-05-20', NULL, 27000.00, 1);
INSERT INTO `stok_masuk` VALUES (1240, 13, 6, 195, '2025-05-05', NULL, 4000.00, 4);
INSERT INTO `stok_masuk` VALUES (1241, 33, 4, 146, '2025-06-05', NULL, 13000.00, 4);
INSERT INTO `stok_masuk` VALUES (1242, 39, 6, 140, '2025-05-16', NULL, 10000.00, 4);
INSERT INTO `stok_masuk` VALUES (1243, 45, 7, 42, '2025-05-20', NULL, 50000.00, 4);
INSERT INTO `stok_masuk` VALUES (1244, 14, 7, 83, '2025-06-02', NULL, 9000.00, 1);
INSERT INTO `stok_masuk` VALUES (1245, 53, 7, 196, '2025-05-30', NULL, 5000.00, 1);
INSERT INTO `stok_masuk` VALUES (1246, 18, 7, 180, '2025-05-15', NULL, 12500.00, 1);
INSERT INTO `stok_masuk` VALUES (1247, 43, 4, 41, '2025-06-13', NULL, 95000.00, 4);
INSERT INTO `stok_masuk` VALUES (1248, 51, 6, 123, '2025-06-05', NULL, 7500.00, 4);
INSERT INTO `stok_masuk` VALUES (1249, 37, 5, 42, '2025-06-06', NULL, 27000.00, 4);
INSERT INTO `stok_masuk` VALUES (1250, 5, 7, 41, '2025-05-19', NULL, 2800.00, 4);
INSERT INTO `stok_masuk` VALUES (1251, 53, 4, 69, '2025-05-13', NULL, 5000.00, 4);
INSERT INTO `stok_masuk` VALUES (1252, 51, 4, 88, '2025-06-06', NULL, 7500.00, 1);
INSERT INTO `stok_masuk` VALUES (1253, 12, 4, 158, '2025-05-23', NULL, 15000.00, 1);
INSERT INTO `stok_masuk` VALUES (1254, 5, 5, 129, '2025-05-05', NULL, 2800.00, 1);
INSERT INTO `stok_masuk` VALUES (1255, 7, 7, 50, '2025-05-13', NULL, 1500.00, 4);
INSERT INTO `stok_masuk` VALUES (1256, 51, 5, 148, '2025-05-26', NULL, 7500.00, 4);
INSERT INTO `stok_masuk` VALUES (1257, 52, 7, 61, '2025-05-19', NULL, 3000.00, 1);
INSERT INTO `stok_masuk` VALUES (1258, 9, 4, 137, '2025-05-30', NULL, 14500.00, 4);
INSERT INTO `stok_masuk` VALUES (1259, 20, 5, 190, '2025-06-11', NULL, 2800.00, 4);

-- ----------------------------
-- Table structure for supplier
-- ----------------------------
DROP TABLE IF EXISTS `supplier`;
CREATE TABLE `supplier`  (
  `id_supplier` int NOT NULL AUTO_INCREMENT,
  `nama_supplier` varchar(100) CHARACTER SET utf8mb4 COLLATE utf8mb4_general_ci NOT NULL,
  `alamat` text CHARACTER SET utf8mb4 COLLATE utf8mb4_general_ci NULL,
  `telepon` varchar(20) CHARACTER SET utf8mb4 COLLATE utf8mb4_general_ci NULL DEFAULT NULL,
  `created_at` timestamp NULL DEFAULT CURRENT_TIMESTAMP,
  PRIMARY KEY (`id_supplier`) USING BTREE
) ENGINE = InnoDB AUTO_INCREMENT = 8 CHARACTER SET = utf8mb4 COLLATE = utf8mb4_general_ci ROW_FORMAT = Dynamic;

-- ----------------------------
-- Records of supplier
-- ----------------------------
INSERT INTO `supplier` VALUES (4, 'PT. Maju Jaya', 'Semarang', '0812144224', '2025-06-13 09:27:52');
INSERT INTO `supplier` VALUES (5, 'PT. Roda Maju Bahagia', 'Demak', '082555844', '2025-06-13 09:28:17');
INSERT INTO `supplier` VALUES (6, 'PT. Alpha Logistic', 'Solo', '02244428', '2025-06-13 09:28:51');
INSERT INTO `supplier` VALUES (7, 'PT. Indo Express', 'Jakarta', '088552554', '2025-06-13 09:29:29');

-- ----------------------------
-- View structure for view_stok_keluar
-- ----------------------------
DROP VIEW IF EXISTS `view_stok_keluar`;
CREATE ALGORITHM = UNDEFINED SQL SECURITY DEFINER VIEW `view_stok_keluar` AS select `stok_keluar`.`id_keluar` AS `id_keluar`,`stok_keluar`.`id_barang` AS `id_barang`,`stok_keluar`.`jumlah` AS `jumlah`,`stok_keluar`.`tanggal` AS `tanggal`,`stok_keluar`.`tujuan` AS `tujuan`,`stok_keluar`.`keterangan` AS `keterangan`,`stok_keluar`.`id_pengguna` AS `id_pengguna`,`barang`.`nama_barang` AS `nama_barang`,`barang`.`kode_barang` AS `kode_barang`,`barang`.`satuan` AS `satuan`,`pengguna`.`nama` AS `nama` from ((`stok_keluar` join `pengguna` on((`stok_keluar`.`id_pengguna` = `pengguna`.`id_pengguna`))) join `barang` on((`stok_keluar`.`id_barang` = `barang`.`id_barang`)));

-- ----------------------------
-- View structure for view_stok_masuk
-- ----------------------------
DROP VIEW IF EXISTS `view_stok_masuk`;
CREATE ALGORITHM = UNDEFINED SQL SECURITY DEFINER VIEW `view_stok_masuk` AS select `stok_masuk`.`id_masuk` AS `id_masuk`,`stok_masuk`.`id_barang` AS `id_barang`,`stok_masuk`.`id_supplier` AS `id_supplier`,`stok_masuk`.`jumlah` AS `jumlah`,`stok_masuk`.`tanggal` AS `tanggal`,`stok_masuk`.`keterangan` AS `keterangan`,`barang`.`nama_barang` AS `nama_barang`,`barang`.`kode_barang` AS `kode_barang`,`barang`.`satuan` AS `satuan`,`supplier`.`nama_supplier` AS `nama_supplier`,`stok_masuk`.`harga_beli` AS `harga_beli`,`stok_masuk`.`id_pengguna` AS `id_pengguna`,`pengguna`.`nama` AS `nama` from (((`stok_masuk` join `barang` on((`stok_masuk`.`id_barang` = `barang`.`id_barang`))) join `supplier` on((`stok_masuk`.`id_supplier` = `supplier`.`id_supplier`))) join `pengguna` on((`stok_masuk`.`id_pengguna` = `pengguna`.`id_pengguna`)));

-- ----------------------------
-- View structure for view_stok_terkini
-- ----------------------------
DROP VIEW IF EXISTS `view_stok_terkini`;
CREATE ALGORITHM = UNDEFINED SQL SECURITY DEFINER VIEW `view_stok_terkini` AS select `b`.`id_barang` AS `id_barang`,`b`.`kode_barang` AS `kode_barang`,`b`.`nama_barang` AS `nama_barang`,`b`.`satuan` AS `satuan`,ifnull(sum(`sm`.`jumlah`),0) AS `total_masuk`,ifnull(sum(`sk`.`jumlah`),0) AS `total_keluar`,(ifnull(sum(`sm`.`jumlah`),0) - ifnull(sum(`sk`.`jumlah`),0)) AS `stok_tersedia` from ((`barang` `b` left join `stok_masuk` `sm` on((`b`.`id_barang` = `sm`.`id_barang`))) left join `stok_keluar` `sk` on((`b`.`id_barang` = `sk`.`id_barang`))) group by `b`.`id_barang`,`b`.`kode_barang`,`b`.`nama_barang`,`b`.`satuan`;

SET FOREIGN_KEY_CHECKS = 1;
